Datetime,Tweet Id,Text,User
1/8/2021 14:04,1.34754E+18,"The first is a song about a girl who stayed forever in the exact spot where her heart was broken, completely frozenâ€¦ https://t.co/gHzlcP5onR",Taylor Swift
1/8/2021 14:04,1.34754E+18,the evermore deluxe album with 2 bonus tracks â€œright where you left meâ€ and â€œitâ€™s time to goâ€ is now available!â€¦ https://t.co/kLmneGXkZU,Taylor Swift
1/5/2021 20:59,1.34656E+18,https://t.co/EXNfkj8ny5 https://t.co/lduq7I53eZ,Taylor Swift
12/31/2020 15:32,1.34467E+18,"bye 2020, itâ€™s been weird. https://t.co/vQoZVSamkB",Taylor Swift
12/26/2020 19:42,1.34292E+18,boxing day ğŸ“¦ https://t.co/c6XADs4GZe,Taylor Swift
12/22/2020 14:46,1.34139E+18,@katyperry THIS IS GENIUS https://t.co/NshAzSYA71,Taylor Swift
12/21/2020 22:50,1.34115E+18,"Guys.
Seriously.
Thank you for doing this. https://t.co/CnqmuxXyuh",Taylor Swift
12/19/2020 15:04,1.34031E+18,Everyone stream/buy McCartney III because itâ€™s excellent but also because Paul is the kind of friend who steps in tâ€¦ https://t.co/641FR9HdRW,Taylor Swift
12/18/2020 22:27,1.34006E+18,"Footage of evermore, folklore and lover hearing this news ğŸ˜†ğŸ‰ https://t.co/mynirRgPSN https://t.co/707cacSeBL",Taylor Swift
12/17/2020 15:32,1.33959E+18,Iâ€™m a huge fan of these two already but seeing them create magic in the studio together just makes me even more excâ€¦ https://t.co/7ITxNhHltU,Taylor Swift
12/16/2020 15:22,1.33923E+18,My dad watched this interview and said â€˜@zanelowe knows you maybe even better than you know yourselfâ€™. So while I sâ€¦ https://t.co/i2ISdVGK6z,Taylor Swift
12/16/2020 1:09,1.33901E+18,Ever find yourself waiting for the signal &amp; meeting someone after dark &amp; happening upon a majestic coven in the wooâ€¦ https://t.co/MUVPjKFSNe,Taylor Swift
12/15/2020 19:01,1.33892E+18,"One of my favorite parts of directing is the prep phase: writing a treatment, a shot list, &amp; working with an animatâ€¦ https://t.co/qv0eqid7zX",Taylor Swift
12/15/2020 14:32,1.33885E+18,OMG folklore and evermore ğŸ˜ https://t.co/h0ijzmot8h https://t.co/sVNOBkf74t,Taylor Swift
12/15/2020 5:32,1.33872E+18,Witches be like â€œSometimes I just want to listen to music while pining away/sulking/staring out a window.â€ Itâ€™s me.â€¦ https://t.co/CtR8ekvYn1,Taylor Swift
12/14/2020 21:31,1.3386E+18,@rainnwilson https://t.co/2mvssgh2yW,Taylor Swift
12/14/2020 16:53,1.33853E+18,https://t.co/3rEochZXRl https://t.co/kht0GAen9M,Taylor Swift
12/14/2020 14:36,1.33849E+18,"This is such a thoughtful tribute, not only to the song â€œMarjorieâ€, but to Marjorie herself. Thank you so muchâ€¦ https://t.co/StncJw99EX",Taylor Swift
12/14/2020 14:23,1.33849E+18,"@AbbyWambach Just saw this and GRINNED!! Tell Tish hi and thanks for remembering my birthday!! You, my friend, areâ€¦ https://t.co/3Z4EAhEQUf",Taylor Swift
12/14/2020 2:30,1.33831E+18,"@halsey Me reading this tweet, ilysm https://t.co/0KcoeXd7rV",Taylor Swift
12/13/2020 13:04,1.33811E+18,Not to be all â€˜iTs mY BiRtHdAY &amp; I jUsT wAnNa DaNcEâ€™ but... it is and I do. So hereâ€™s the willow dancing witch versâ€¦ https://t.co/V716eppz7U,Taylor Swift
12/12/2020 21:48,1.33788E+18,Speechless over this. ğŸ™ğŸ™ğŸ™ Thank you @variety https://t.co/AC08Y8g8SP,Taylor Swift
12/11/2020 20:52,1.3375E+18,I need nothing else for my birthday this year. Or any other year. Ever. This is it. I love you Dolly â™¥ï¸ https://t.co/kFo1RpaNQO,Taylor Swift
12/11/2020 18:40,1.33747E+18,"This review turned me into an actual weeping willow, thank you @rollingstone ğŸ‚â™¥ï¸ğŸ https://t.co/f1WcdPYZ8E",Taylor Swift
12/11/2020 18:26,1.33746E+18,"@yelyahwilliams This made my heart race/double in size/turn into a confetti cloud of petals, thank you so much. Youâ€¦ https://t.co/Mu684zSjIb",Taylor Swift
12/11/2020 6:20,1.33728E+18,@Mattberninger @aaron_dessner @TheNational Might print that out and hang it on my â€˜most charming tweetsâ€™ wall. Iâ€™mâ€¦ https://t.co/UQkYitz7eP,Taylor Swift
12/11/2020 5:15,1.33726E+18,Get 2 bonus tracks â€œright where you left meâ€ + â€œitâ€™s time to goâ€ on the physical deluxe edition of evermore. Thereâ€™â€¦ https://t.co/cA2OLL3SxH,Taylor Swift
12/11/2020 5:13,1.33726E+18,"life was a willow and it bent right to your wind. The #willowMusicVideo is out now! https://t.co/HLEnRDk21i

ğŸ“·: Maxâ€¦ https://t.co/JFcNTw1j3b",Taylor Swift
12/11/2020 5:09,1.33726E+18,I have no idea what will come next. I have no idea about a lot of things these days and so Iâ€™ve clung to the one thâ€¦ https://t.co/Qdlbg0mkly,Taylor Swift
12/11/2020 4:00,1.33725E+18,The #willowMusicVideo premieres in 1 hour! About to answer some questions in the premiere page chat so follow me thâ€¦ https://t.co/G2bZY3CELM,Taylor Swift
12/10/2020 13:13,1.33702E+18,Iâ€™ll see you guys in the YouTube premiere page chat before midnight to answer some questions ğŸ§™â€â™€ï¸,Taylor Swift
12/10/2020 13:13,1.33702E+18,"...editor Chancler Haynes, set designers Ethan Tobman and Regina Fernandez and visual effects geniuses Grant Millerâ€¦ https://t.co/zZtkkbLXbC",Taylor Swift
12/10/2020 13:13,1.33702E+18,Iâ€™m forever grateful to the following creatives who have helped and guided me to be able to direct my own videos: Câ€¦ https://t.co/F3mRw6MIIE,Taylor Swift
12/10/2020 13:13,1.33702E+18,"Tonight the story continues, as the music video for â€œwillowâ€ drops at midnight eastern. https://t.co/T3o0nsANpY",Taylor Swift
12/10/2020 13:10,1.33702E+18,"All *digital downloads* of the album will include an exclusive, digital booklet with 16 brand new photos. You can pâ€¦ https://t.co/02C9oJMI1L",Taylor Swift
12/10/2020 13:10,1.33702E+18,"There are 15 tracks on the standard edition of evermore, but the deluxe physical edition will include two bonus traâ€¦ https://t.co/6WWYcAsL7F",Taylor Swift
12/10/2020 13:10,1.33702E+18,I also know this holiday season will be a lonely one for most of us and if there are any of you out there who turnâ€¦ https://t.co/s21SKkieig,Taylor Swift
12/10/2020 13:10,1.33702E+18,"Ever since I was 13, Iâ€™ve been excited about turning 31 because itâ€™s my lucky number backwards, which is why I wantâ€¦ https://t.co/hqWj7dnl4y",Taylor Swift
12/10/2020 13:04,1.33702E+18,"And I loved creating these songs with Aaron Dessner, Jack Antonoff, WB, and Justin Vernon. Weâ€™ve also welcomed someâ€¦ https://t.co/ydTNg5VpZ1",Taylor Swift
12/10/2020 13:04,1.33702E+18,I loved the escapism I found in these imaginary/not imaginary tales. I loved the ways you welcomed the dreamscapesâ€¦ https://t.co/QWobP5Vk7M,Taylor Swift
12/10/2020 13:04,1.33702E+18,Iâ€™ve never done this before. In the past Iâ€™ve always treated albums as one-off eras and moved onto planning the nexâ€¦ https://t.co/gqCQK7obaH,Taylor Swift
12/10/2020 13:04,1.33702E+18,"To put it plainly, we just couldnâ€™t stop writing songs. To try and put it more poetically, it feels like we were stâ€¦ https://t.co/CxuXzPwAHw",Taylor Swift
12/10/2020 13:04,1.33702E+18,"Iâ€™m elated to tell you that my 9th studio album, and folkloreâ€™s sister record, will be out tonight at midnight eastâ€¦ https://t.co/01z2oLjCe3",Taylor Swift
12/9/2020 20:08,1.33676E+18,Over here in folkloreland we feel great about it. Thanks @latimes!ğŸŒ²ğŸŒ²ğŸŒ²ğŸŒ²ğŸŒ²ğŸŒ²ğŸŒ²ğŸŒ²ğŸŒ² https://t.co/YcCMv2zcaZ,Taylor Swift
12/8/2020 17:34,1.33636E+18,Got to do this shoot with my folklore co-conspirator Beth Garrabrant &amp; talk to @AlexJSuskind for @EW. Thank you toâ€¦ https://t.co/Jk0gdq8UFn,Taylor Swift
12/6/2020 16:13,1.33562E+18,"@_DionneWarwick I just saw that you tweeted me!! Iâ€™m a huge fan and I respect you so much, thank you for wishing meâ€¦ https://t.co/RcTaLWE5BJ",Taylor Swift
12/4/2020 20:48,1.33496E+18,"*cries in cottagecore*
*screams in soft lullabies*
*throws self to the base of a willow tree by a reflection pool aâ€¦ https://t.co/gsNXA9kNkL",Taylor Swift
12/3/2020 14:49,1.33451E+18,"Itâ€™s the 13 on the dice for me ğŸ’ğŸ¼â€â™€ï¸ğŸ² Thanks Spotify, this is cute cute CUTE. I also thought Iâ€™d mention thatâ€¦ https://t.co/52HMuQaAhl",Taylor Swift
12/2/2020 14:38,1.33414E+18,"Okay so while my new re-records are NOT done, my friend @VancityReynolds asked me if he could use a snippet of oneâ€¦ https://t.co/YLgB4cJ6qz",Taylor Swift
11/27/2020 19:51,1.33241E+18,retweet 4ever https://t.co/VTumknIbGC,Taylor Swift
11/26/2020 0:46,1.33176E+18,@amitoowell131 Iâ€™m so happy you liked it. I miss you guys terribly and am gonna keep trying to find ways to keep usâ€¦ https://t.co/irbeCZvofR,Taylor Swift
11/26/2020 0:28,1.33176E+18,"@AshhHuntington @disneyplus @aaron_dessner Thanks, Aaron is one of the most talented people on earth (as well as thâ€¦ https://t.co/vg0lcY1S0B",Taylor Swift
11/26/2020 0:11,1.33175E+18,"@sheroseslowly Confirmed: the woman was, in fact, mad. ğŸ˜‚ #folkloreOnDisneyPlus",Taylor Swift
11/26/2020 0:09,1.33175E+18,"@stateofarabella @taylornation13 ah yes, the FolkGLARE. ğŸ˜ˆ #folkloreOnDisneyPlus",Taylor Swift
11/26/2020 0:03,1.33175E+18,@adrienchanted Yeah that one scalds. Like why is it so sad?? I remember finishing that bridge and thinking it was lâ€¦ https://t.co/UDd7IFHDTp,Taylor Swift
11/25/2020 23:58,1.33175E+18,@LydsEpp @taylornation13 It really slipped away into a moment of time didnâ€™t it. â˜€ï¸ #folkloreOnDisneyPlus,Taylor Swift
11/25/2020 23:57,1.33175E+18,@luvyoutosaturn @taylornation13 @cinnamn13 Wowwwwww thank you so much. Iâ€™m so glad you like that one. #folkloreOnDisneyPlus,Taylor Swift
11/25/2020 23:40,1.33174E+18,"@elincomprendid @taylornation13 Yeah, talking to Jack about life is one of my all time favorite hobbies. Heâ€™s alwayâ€¦ https://t.co/FFh4GjYgDO",Taylor Swift
11/25/2020 23:28,1.33174E+18,@thinkzakkIknows @taylornation13 I take that as the highest compliment in existence. ğŸ˜­ğŸ˜­ğŸ˜­ğŸ¥ºğŸ¥ºğŸ¥º #folkloreOnDisneyPlus,Taylor Swift
11/25/2020 23:23,1.33174E+18,"@tayismyfalsegod @taylornation13 Thank you so much, Iâ€™m glad. Folklore is partly personal, partly fictional so I waâ€¦ https://t.co/BUNmd6d8au",Taylor Swift
11/25/2020 23:08,1.33174E+18,"RT @disneyplus: â€œTurned out that everyone needed a good cry as well as us.â€ - @Taylorswift13 #folkloreOnDisneyPlus 

ğŸ˜­RETWEETğŸ˜­",Taylor Swift
11/25/2020 16:18,1.33163E+18,RT @taylornation13: Youâ€™re the 1 we want to watch folklore: the long pond studio sessions with on @DisneyPlus! âœ¨Come back at 5p CT for ourâ€¦,Taylor Swift
11/25/2020 14:15,1.3316E+18,folklore: the long pond studio sessions (from the Disney+ special) deluxe edition album is out everywhere now!â€¦ https://t.co/A4AQ3WIRvg,Taylor Swift
11/25/2020 8:12,1.33151E+18,"folklore: the long pond studio sessions is out now on @disneyplus! #folkloreOnDisneyPlus

Starring: 
#AaronDessnerâ€¦ https://t.co/qbhVW38RcK",Taylor Swift
11/25/2020 0:07,1.33139E+18,ask us how our days been https://t.co/zQDydAyCtE,Taylor Swift
11/24/2020 13:15,1.33122E+18,Well itâ€™s 11/24 and 24-11=13 so Iâ€™ve got an announcement ğŸ¤“ You havenâ€™t seen this film before âœ¨ folklore: the long pâ€¦ https://t.co/MoNRJI0rFL,Taylor Swift
11/22/2020 18:15,1.33058E+18,not a lot going on at the moment https://t.co/54uGPH1ysF,Taylor Swift
11/16/2020 22:55,1.32847E+18,Been getting a lot of questions about the recent sale of my old masters. I hope this clears things up. https://t.co/sscKXp2ibD,Taylor Swift
11/13/2020 13:50,1.32725E+18,It only took one day to confirm what I had suspected for years: Paul McCartney is the loveliest person alive. Thankâ€¦ https://t.co/xzL7SjMIWz,Taylor Swift
11/2/2020 19:30,1.32335E+18,https://t.co/BrTBvXb08b https://t.co/nXKdykG7eG,Taylor Swift
10/30/2020 16:56,1.32222E+18,RT @KamalaHarris: Thank you @TaylorSwift13 and my friend @EricSwalwell for showing young people what's at stake in this election.,Taylor Swift
10/19/2020 21:05,1.3183E+18,Stunning and important. So much love and respect for @boniver https://t.co/rmz8gx90KI,Taylor Swift
10/17/2020 15:01,1.31748E+18,"Along with the signed cd, some lucky purchasers of these items may even receive complimentary cat hair stuck insideâ€¦ https://t.co/aQ139uxVJf",Taylor Swift
10/16/2020 18:05,1.31716E+18,RT @taylornation13: Signed #folklore CDs are back for a limited time!! Head to https://t.co/ZSGtuHSAkb to get yours now!! Per purchase limiâ€¦,Taylor Swift
10/7/2020 20:23,1.31394E+18,I spoke to @vmagazine about why Iâ€™ll be voting for Joe Biden for president. So apt that itâ€™s come out on the nightâ€¦ https://t.co/XHEtNGlQyo,Taylor Swift
9/29/2020 19:55,1.31103E+18,WELL this took my breath away and Iâ€™m honored to hear Cardigan intertwined with the wonderful @AvrilLavigneâ€™s masteâ€¦ https://t.co/TIaNU2xY9e,Taylor Swift
9/21/2020 4:11,1.3079E+18,Yeah I showed up at your party...then made a thematic album chapter about it ğŸ˜„ https://t.co/kW25zqtOqe https://t.co/1M6gwWN7bO,Taylor Swift
9/18/2020 18:59,1.30703E+18,â€œBettyâ€ Live from the 2020 Academy of Country Music Awards is out now ğŸ’« https://t.co/XesvEWY45V https://t.co/hiT9lxy6T8,Taylor Swift
9/16/2020 1:37,1.30604E+18,Guys I donâ€™t know anything but I know I miss youuuuu. So watch the @ACMawards for my performance of â€˜Bettyâ€™ ğŸ™‚ https://t.co/20yUFLYG8B,Taylor Swift
9/13/2020 17:58,1.3052E+18,Bout to show up at your party @ACMawards ğŸ˜º https://t.co/ekNJfv4hci,Taylor Swift
9/12/2020 20:32,1.30488E+18,@VancityReynolds @jessetyler @blakelively not trying to be The Loudest Woman This Town Has Ever Seenâ„¢ï¸ but... I LOVE THIS,Taylor Swift
8/27/2020 4:05,1.29883E+18,The third album theme I put together is called â€œfolklore: the saltbox house chapterâ€ ğŸŒ¾  Listen here:â€¦ https://t.co/hsbe6YAJHQ,Taylor Swift
8/26/2020 16:13,1.29865E+18,@vitoriamariox Vitoria!! Your video just made my day. You worked so hard to get those incredible grades and it wasâ€¦ https://t.co/oDv47IMthf,Taylor Swift
8/24/2020 4:12,1.29775E+18,The next thematic composition that I put together from the album is out now ğŸŒ™ Listen to â€œfolklore: the sleepless niâ€¦ https://t.co/9yQo1RsrLr,Taylor Swift
8/21/2020 4:18,1.29666E+18,"In my head, the songs on folklore fit together in different groups and â€œchaptersâ€ - based on how they fit togetherâ€¦ https://t.co/QzNvq7mok3",Taylor Swift
8/18/2020 13:13,1.29571E+18,folklore deluxe edition featuring bonus song â€œthe lakesâ€ is now available to stream/download ğŸŒŠâ€¦ https://t.co/NYc2zU9fJ3,Taylor Swift
8/17/2020 22:48,1.29549E+18,"RT @Vevo: Wrap yourself up in all the details of @taylorswift13's ""cardigan."" ğŸ§šâ€â™€ï¸ From her painting skills to taking inspiration from isolâ€¦",Taylor Swift
8/15/2020 17:20,1.29469E+18,Donald Trumpâ€™s ineffective leadership gravely worsened the crisis that we are in and he is now taking advantage ofâ€¦ https://t.co/d6XtlR76L3,Taylor Swift
8/15/2020 17:20,1.29469E+18,Trumpâ€™s calculated dismantling of USPS proves one thing clearly: He is WELL AWARE that we do not want him as our prâ€¦ https://t.co/uJsylE35ie,Taylor Swift
8/11/2020 23:23,1.29333E+18,YES https://t.co/FuxljfhgZP,Taylor Swift
8/3/2020 23:37,1.29043E+18,@jpcleds WOW this is incredible!! Thank you so much for making this. ğŸ‚ I also saw your Instagram and your art is phenomenal!ğŸ‘ğŸ‘ğŸ‘ğŸ˜˜ğŸ˜˜ğŸ˜˜,Taylor Swift
8/3/2020 18:03,1.29035E+18,https://t.co/frGE46P5vD https://t.co/xz1AqHMWWN,Taylor Swift
7/30/2020 23:27,1.28898E+18,@thechicks https://t.co/uaNE7N2N7x,Taylor Swift
7/30/2020 21:57,1.28896E+18,@seeitinmymind Welcome back from your trip! We are all somber woodland fairies now. Feel free to grab a wicker baskâ€¦ https://t.co/DWW5VieQ5u,Taylor Swift
7/30/2020 16:05,1.28887E+18,"@AmiraRasool Amira, I admire the work youâ€™re doing and Iâ€™m happy to make a contribution to your company and to suppâ€¦ https://t.co/81LSKTIKLX",Taylor Swift
7/30/2020 4:14,1.28869E+18,The video for cardigan â€œcabin in candlelightâ€ version is out now using new behind-the-scenes footage from the albumâ€¦ https://t.co/V0QRiJ6pgp,Taylor Swift
7/30/2020 4:06,1.28869E+18,cardigan â€œcabin in candlelightâ€ version is out now ğŸ•¯https://t.co/pBbcZW4kqc https://t.co/pxzIfLi0OQ,Taylor Swift
7/30/2020 3:43,1.28868E+18,@kenziecoffman When I tell you I nearly choked on my wine laughing at this ğŸ˜‚ğŸ˜‚ğŸ˜‚ğŸ˜‚,Taylor Swift
7/29/2020 23:56,1.28862E+18,Thank you for keeping the secret til now ğŸ™ğŸ™ğŸ˜‚ğŸ˜‚ https://t.co/r6ny2yasMw,Taylor Swift
7/28/2020 22:43,1.28824E+18,RT @aaron_dessner: Looking back at @taylorswift13 's text with her original voice memo of Cardigan...still surreal...a special edition of tâ€¦,Taylor Swift
7/28/2020 16:55,1.28816E+18,@maisiehpeters My ears have been blessed on this fine Tuesday ğŸ™ğŸ™ğŸ™,Taylor Swift
7/28/2020 4:11,1.28796E+18,"The limited edition â€œcardiganâ€ single collection is available now, which has the original voice memo I sent Aaron fâ€¦ https://t.co/grGyQpl254",Taylor Swift
7/27/2020 21:25,1.28786E+18,"RT @RollingStone: Some of us have spent years dreaming Taylor Swift would do a whole album like #Folklore, but nobody really dreamed it wouâ€¦",Taylor Swift
7/27/2020 20:49,1.28785E+18,RT @ZooeyDeschanel: Saturday plans: wine and folklore https://t.co/cgy4rpn6I8,Taylor Swift
7/24/2020 22:34,1.28679E+18,@joshvisser Omg did you just call me â€œdaddyâ€,Taylor Swift
7/24/2020 21:55,1.28678E+18,@KaileySteward The whole album mood board was actually just â€˜life of inner forest witchâ€™ written in quill and ink oâ€¦ https://t.co/VTp3z1NEBk,Taylor Swift
7/24/2020 21:53,1.28678E+18,@stephenszczerba yep just trying to do my part over here ğŸ˜·ğŸ•¯ğŸ˜º,Taylor Swift
7/24/2020 4:47,1.28652E+18,RT @guardianculture: Taylor Swift: Folklore review â€“ bombastic pop makes way for emotional acuity https://t.co/zboiSJd531,Taylor Swift
7/24/2020 4:40,1.28652E+18,RT @TheNational: #folklore is out now! https://t.co/mkk86vYw3C https://t.co/R9XtCtct4S,Taylor Swift
7/24/2020 4:35,1.28652E+18,RT @boniver: Very very honored to be a part of @taylorswift13â€™s album â€˜Folkloreâ€™. Shout out to @aaron_dessner for always being the great coâ€¦,Taylor Swift
7/24/2020 4:18,1.28652E+18,"You can get the bonus song â€œthe lakesâ€ on the 8 deluxe CD editions, 8 deluxe vinyl editions, and the cassette editiâ€¦ https://t.co/lRlqMowGSX",Taylor Swift
7/24/2020 4:18,1.28652E+18,"I knew you tried to change the ending, Peter losing Wendy. The #cardiganMusicVideo is out now.â€¦ https://t.co/3iNXs1vq75",Taylor Swift
7/24/2020 4:08,1.28651E+18,In isolation my imagination has run wild and this album is the result. Iâ€™ve told these stories to the best of my abâ€¦ https://t.co/ppMuNnlRiZ,Taylor Swift
7/24/2020 3:31,1.2865E+18,30 minutes until the #cardiganMusicVideo! ğŸ¹âœ¨ https://t.co/DOnxNQEnfU,Taylor Swift
7/23/2020 12:12,1.28627E+18,"Editor Chancler Haynes, special effects wizards David Lebensfeld &amp; Grant Miller and set designer Ethan Tobman. Theâ€¦ https://t.co/bka16lbWfv",Taylor Swift
7/23/2020 12:12,1.28627E+18,"The music video for â€œcardiganâ€ will premiere tonight, which I wrote/directed. A million thank youâ€™s to my brilliantâ€¦ https://t.co/6cR5Y0ss1A",Taylor Swift
7/23/2020 12:09,1.28627E+18,"folklore will have 16 songs on the standard edition, but the physical deluxe editions will include a bonus track â€œtâ€¦ https://t.co/yQhHpGtoHs",Taylor Swift
7/23/2020 12:01,1.28627E+18,"Surprise ğŸ¤— Tonight at midnight Iâ€™ll be releasing my 8th studio album, folklore; an entire brand new album of songsâ€¦ https://t.co/t7KPXQqLIL",Taylor Swift
7/10/2020 18:24,1.28166E+18,"Love her!! 
ğŸ‘ğŸ’•ğŸ’ğŸ¥‡ğŸ™ğŸ’•ğŸ’ğŸ‘ https://t.co/fq8crQpbsh",Taylor Swift
6/19/2020 17:09,1.27403E+18,Canâ€™t wait to watch @Disclosure_Doc on @netflix today!! Executive produced by @Lavernecox who is extraordinary ğŸ’•ğŸ’•ğŸ’•â€¦ https://t.co/GFPstSEw0u,Taylor Swift
6/19/2020 4:01,1.27383E+18,"For my family, everything that has transpired recently gives us an opportunity to reflect, listen, and reprogram anâ€¦ https://t.co/u3LjND8Jis",Taylor Swift
6/19/2020 4:01,1.27383E+18,"Personally, Iâ€™ve made the decision to give all of my employees June 19th off in honor of Freedom Day from now on, aâ€¦ https://t.co/D6esGzVDxh",Taylor Swift
6/19/2020 4:01,1.27383E+18,Happy Juneteenth! I want to thank @TheRoot and @RhapsoDani for allowing me to post this video about the significancâ€¦ https://t.co/iw7lo3fWXz,Taylor Swift
6/15/2020 17:24,1.27258E+18,YES!! Thank you to the Supreme Court Justices who voted in favor and all the advocates who have fought so hard forâ€¦ https://t.co/2jYrymSRYc,Taylor Swift
6/12/2020 20:07,1.27153E+18,"When you fight to honor racists, you show black Tennesseans and all of their allies where you stand, and you continâ€¦ https://t.co/VELOWgCpyh",Taylor Swift
6/12/2020 20:07,1.27153E+18,Iâ€™m asking the Capitol Commission and the Tennessee Historical Commission to please consider the implications of hoâ€¦ https://t.co/UfJ0CdjOLU,Taylor Swift
6/12/2020 20:07,1.27153E+18,We need to retroactively change the status of people who perpetuated hideous patterns of racism from â€˜heroesâ€™ to â€˜vâ€¦ https://t.co/cwzhTqmhhz,Taylor Swift
6/12/2020 20:07,1.27153E+18,"Taking down statues isnâ€™t going to fix centuries of systemic oppression, violence and hatred that black people haveâ€¦ https://t.co/YhoQo5CLVa",Taylor Swift
6/12/2020 20:07,1.27153E+18,"His statue is still standing and July 13th is â€˜Nathan Bedford Forrest Day.â€™ Due to social pressure, the state is trâ€¦ https://t.co/4ojlNwEGOr",Taylor Swift
6/12/2020 20:07,1.27153E+18,Then we get to this monstrosity. Nathan Bedford Forrest was a brutal slave trader and the first grand wizard of theâ€¦ https://t.co/Wbd4NY28fW,Taylor Swift
6/12/2020 20:07,1.27153E+18,Replacing his statue is a waste of state funds and a waste of an opportunity to do the right thing.,Taylor Swift
6/12/2020 20:07,1.27153E+18,"FYI, he was a white supremacist newspaper editor who published pro-lynching editorials and incited the arson of theâ€¦ https://t.co/B6iwpC7Ugt",Taylor Swift
6/12/2020 20:07,1.27153E+18,Edward Carmackâ€™s statue was sitting in the state Capitol until it was torn down last week in the protests. The statâ€¦ https://t.co/uRA1TT89oS,Taylor Swift
6/12/2020 20:07,1.27153E+18,"As a Tennessean, it makes me sick that there are monuments standing in our state that celebrate racist historical fâ€¦ https://t.co/0ttghrzyIz",Taylor Swift
6/9/2020 19:09,1.27043E+18,We need to fight for mail-in voting for the 2020 election. No one should have to choose between their health and haâ€¦ https://t.co/axHt7Omq6r,Taylor Swift
6/9/2020 19:09,1.27043E+18,This article written by @BarackObama is a fascinating read about changing policy at the state and local levels. https://t.co/kwwFjaXCuC,Taylor Swift
6/9/2020 19:09,1.27043E+18,"Racial injustice has been ingrained deeply into local and state governments, and changes MUST be made there.Â In ordâ€¦ https://t.co/RQVw5ftm7m",Taylor Swift
5/29/2020 15:33,1.26639E+18,"After stoking the fires of white supremacy and racism your entire presidency, you have the nerve to feign moral supâ€¦ https://t.co/zj5aBuKZfF",Taylor Swift
5/25/2020 2:11,1.26474E+18,VERY STOKED about this cover of lwymmd on @KillingEve by Jack leopards &amp; the dolphin club!! https://t.co/fhkLfOssfm,Taylor Swift
5/19/2020 20:31,1.26284E+18,@etnow I personally really relate to this tweet. ğŸ˜,Taylor Swift
5/18/2020 19:58,1.26247E+18,The City Of Lover concert is streaming on @Hulu + @DisneyPlus! And the live songs are available now ğŸ’•â€¦ https://t.co/dMVY2or0jF,Taylor Swift
5/18/2020 3:10,1.26222E+18,@TheAddyMiller Addy I had to google YGG but a) now I know what it means b) YGG back! c) tell your mom hi she seems cool ğŸ˜,Taylor Swift
5/18/2020 3:04,1.26222E+18,@tracesofswift @winestainedtay MY HEART â¤ï¸,Taylor Swift
5/18/2020 2:42,1.26221E+18,@nathansrep_ THIS PIC IS SO AWW ğŸ¥° ğŸ¥ºğŸ’•,Taylor Swift
5/18/2020 2:35,1.26221E+18,@LOLbridg Thank you so much for everything you do and how hard youâ€™re working to keep us safe ğŸ™ğŸ™ğŸ™,Taylor Swift
5/18/2020 2:25,1.26221E+18,@Ru_ReAdy_FoR_IT Iâ€™m so sorry itâ€™s been hard and Iâ€™m so touched and flattered that the show is making you smile ğŸ˜Š,Taylor Swift
5/18/2020 2:17,1.26221E+18,@13yearsoftay Aww thanks bud ğŸ¥ºğŸ¥ºğŸ¥ºğŸ¹ğŸ’—,Taylor Swift
5/18/2020 2:09,1.2622E+18,@loverlauren13 @taylornation13 Cute cute cute ğŸ†ğŸ†ğŸ†,Taylor Swift
5/18/2020 2:09,1.2622E+18,@CaleighAMiller YAY! Glad youâ€™re watching ğŸ’•,Taylor Swift
5/17/2020 17:15,1.26207E+18,Stoked to relive our Paris show tonight when the City of Lover concert airs at 10pm ET/9pm CT on @ABCNetwork - thenâ€¦ https://t.co/3Y6jTlNMQM,Taylor Swift
5/15/2020 15:07,1.26131E+18,City Of Lover Concert ğŸ’•Â Airing this Sunday at 10p ET onÂ @ABCNetwork and streaming the next day onÂ @hulu  andÂ â€¦ https://t.co/9zxiSp6P2i,Taylor Swift
5/14/2020 22:02,1.26105E+18,when youâ€™re proud of your buns so you post them on the internet https://t.co/4wPIi8mb5F,Taylor Swift
5/11/2020 1:58,1.25966E+18,"PS for those of you who are separated from your loved ones or struggling with this day, my heart is with you ğŸ’—",Taylor Swift
5/11/2020 1:58,1.25966E+18,My conversations with my mom have always been and will always be some of my favorite memories - from when I was 10â€¦ https://t.co/8d9IqHeUAz,Taylor Swift
5/8/2020 12:47,1.25874E+18,Excited to announce the City of Lover Concert! We filmed my show in Paris in September and thought itâ€™d be fun to sâ€¦ https://t.co/mWKhv3CIRc,Taylor Swift
5/7/2020 21:25,1.25851E+18,"Iâ€™m absolutely devastated and horrified by the senseless, cold blooded, racially motivated killing of Ahmaud Arbery. #JusticeForAhmaud",Taylor Swift
5/7/2020 17:27,1.25845E+18,ğŸ· ğŸ biiig isolation ğŸ ğŸ· https://t.co/MJbhD8Bau1,Taylor Swift
5/3/2020 21:41,1.25706E+18,@rhodesmusic Oh I love this so much â˜ºï¸â˜ºï¸â˜ºï¸,Taylor Swift
4/27/2020 21:08,1.25488E+18,Not a lot going on at the moment https://t.co/NaRCqgCH4Y,Taylor Swift
4/23/2020 0:47,1.25312E+18,Captain Olivia Benson off duty like - https://t.co/JJ5ff8syMU,Taylor Swift
4/18/2020 18:26,1.25158E+18,@maisiehpeters ğŸ†ğŸŒ¸âœ¨heavenlyâœ¨ğŸŒ¸ğŸ†,Taylor Swift
4/18/2020 18:09,1.25157E+18,RT @taylornation13: TONIGHT!! ğŸ’• @glblctzn and @WHO are putting on an amazing event to help fight against #COVID19. Find out how you can watâ€¦,Taylor Swift
4/17/2020 17:00,1.25119E+18,"I'm so sad I won't be able to see you guys in concert this year, but I know this is the right decision. Please, pleâ€¦ https://t.co/w78fSInYAu",Taylor Swift
4/14/2020 18:17,1.25013E+18,@RyanHurd Love this so much ğŸ™,Taylor Swift
4/10/2020 18:18,1.24868E+18,"Itâ€™s National Siblings Day! My brother @austinswift7 is one of my best pals, and Iâ€™m really proud of him because heâ€¦ https://t.co/fn0xKCtCtX",Taylor Swift
3/27/2020 13:15,1.24353E+18,"My Womenâ€™s History Month playlist is nostalgic comfort vibes by women I adore ğŸ’› @Spotify 
https://t.co/q47iu4Vc7L https://t.co/I5jQCZy8G1",Taylor Swift
3/20/2020 18:01,1.24106E+18,"While weâ€™re looking for things to do at home, I thought itâ€™d be fun to share behind the scenes of my dadâ€™s acting dâ€¦ https://t.co/Ykw7NKBZTk",Taylor Swift
3/16/2020 21:50,1.23967E+18,"For Meredith, self quarantining is a way of life. Be like Meredith. #QuarantineCats https://t.co/yEHJ5c5oFi",Taylor Swift
3/10/2020 12:52,1.23736E+18,"No one:

Absolutely no one:

Me: hereâ€™s more footage of behind the scenes of me directing The Man video with a femaâ€¦ https://t.co/FIcK2x9Ip9",Taylor Swift
3/7/2020 17:15,1.23634E+18,"In honor of International Womenâ€™s Day, I changed out my @AppleMusic playlist to songs Iâ€™m loving right now by femalâ€¦ https://t.co/j0Eul1IDGQ",Taylor Swift
3/6/2020 13:19,1.23592E+18,The Man Behind The Scenes - Becoming The Man is out now! Only took 5 hours in the makeup chair + a little sprinkleâ€¦ https://t.co/k6fv1W9i0f,Taylor Swift
3/3/2020 20:24,1.23494E+18,My heart is with everyone in Tennessee who has been affected by the tornados. Sending you my love and prayers.,Taylor Swift
2/28/2020 2:12,1.23321E+18,"Shout out to Rebecca Skinner for being the best executive producer a (wo)man could ask for. 
I canâ€™t believe I getâ€¦ https://t.co/DiWbhm1LUE",Taylor Swift
2/28/2020 2:12,1.23321E+18,More thank youâ€™s... Chancler Haynes is an editing extraordinaire. Stephen Galloway and Spenser Theberge were my movâ€¦ https://t.co/VqUZTANwaJ,Taylor Swift
2/28/2020 0:11,1.23318E+18,"Rodrigo Prieto, our DP/cinematographer, is absolutely brilliant and down to earth and hilarious. Ethan Tobman creatâ€¦ https://t.co/AAOVBzgsq4",Taylor Swift
2/28/2020 0:11,1.23318E+18,"I want to say a massive thank you to my main team in putting this whole thing together: Jil Hardin, our producer, wâ€¦ https://t.co/QRJvuhq7UU",Taylor Swift
2/27/2020 23:02,1.23317E+18,Between 4-6 hours in the make up chair every day with these geniuses. Thank you Bill Corso and all who worked so haâ€¦ https://t.co/uQacJlMSV7,Taylor Swift
2/27/2020 23:02,1.23317E+18,Alongside every great (the) man is a team of hardworking creatives who made this thing happen. Bill Corso &amp; his incâ€¦ https://t.co/ZHGmVtzlDx,Taylor Swift
2/27/2020 14:50,1.23304E+18,"@Dominic_Toliver @tiktok_us Dominic your reactions were SO good, when you were all â€˜you got this!!â€™ And jaydenâ€™s alâ€¦ https://t.co/edheLcFxIz",Taylor Swift
2/27/2020 14:48,1.23304E+18,@iamlorengray This post ğŸ¥ºğŸ¥° I appreciate you saying this so much. I had the best time hanging out &amp; talking on the tâ€¦ https://t.co/GAacVzOTJv,Taylor Swift
2/27/2020 14:46,1.23304E+18,@jaydenbartels Every time I see you in the video I just GRIN because you were so good and so awesome to be around.â€¦ https://t.co/fixSAP6bzD,Taylor Swift
2/27/2020 14:23,1.23303E+18,My dad making his acting debut as â€˜unimpressed umpireâ€™ is a memory Iâ€™ll always cherish. Thank you to the entire casâ€¦ https://t.co/rhihZarePa,Taylor Swift
2/27/2020 14:23,1.23303E+18,itâ€™s so cool to have you be a part of this!! Thank you @jaydenbartels and @dominic_toliver for your amazing and hilâ€¦ https://t.co/Cmt4gq6Guw,Taylor Swift
2/27/2020 14:22,1.23303E+18,Just sitting here pondering how happy I am that The Man music video is OUT. I want to say thank you to so many peopâ€¦ https://t.co/MHwT3czmHR,Taylor Swift
2/27/2020 12:07,1.233E+18,Man down. After a massive mantrum. ğŸ¾ #TheManMusicVideo is out now! https://t.co/9pGiwD8ZWa https://t.co/mcn1CE7LMI,Taylor Swift
2/27/2020 10:38,1.23298E+18,"One small step for the man, one giant leap for #TheManMusicVideo...1.5 hours to go! Iâ€™m counting down with you on tâ€¦ https://t.co/eMW8OhvxRR",Taylor Swift
2/26/2020 13:03,1.23265E+18,Oh man...music video tomorrow at 7 A.M. EST! And Iâ€™m going to be chatting/answering your questions/mansplaining theâ€¦ https://t.co/ZrOpQqYxHT,Taylor Swift
2/25/2020 21:15,1.23241E+18,"There are 19 hands in the hallway 

... but only 2 days until The Man Music Video https://t.co/pePLcEwxtQ",Taylor Swift
2/18/2020 5:24,1.22964E+18,The Man - Live From Paris is out now! https://t.co/QZofz2CNxF https://t.co/8lFwIRI79U,Taylor Swift
2/17/2020 15:10,1.22942E+18,"The Man - Live From ParisÂ  âœ¨ 
Song/video tonight at Midnight ET https://t.co/Mr579hZtZe",Taylor Swift
2/13/2020 23:32,1.2281E+18,"@billybragg It was excellent meeting you and this is so nice of you to say.  ğŸ’— See you at Glasto, new friend!",Taylor Swift
2/13/2020 22:58,1.22809E+18,ğŸ¶I enjoy nights in BrixtonğŸ¶ but especially when theyâ€™re like last night @NME! Met @clairo @beabad00bee &amp; @fkatwigsâ€¦ https://t.co/FG4kk9j4nq,Taylor Swift
2/12/2020 16:35,1.22763E+18,RT @NetflixFilm: Taylor Swift and MISS AMERICANA director Lana Wilson discuss the magic of capturing her songwriting sessions on film. httpâ€¦,Taylor Swift
2/7/2020 17:09,1.22583E+18,#TheManLyricVideo is out now! https://t.co/AuS7exiv4n https://t.co/3aMvdBve17,Taylor Swift
2/6/2020 22:16,1.22554E+18,#TheManLyricVideo out tomorrow at Noon EST https://t.co/a7D6ZTONGn,Taylor Swift
2/6/2020 17:05,1.22547E+18,"Itâ€™s an honor to get to work with such an incredible team, especially when it comes to my favorite thing in the worâ€¦ https://t.co/xNo5kX3X7K",Taylor Swift
2/6/2020 17:05,1.22547E+18,Jody is an advocate for womenâ€™s empowerment and one of the most-respected and accomplished industry leaders. Troy Tâ€¦ https://t.co/zYeabDkYR5,Taylor Swift
2/6/2020 17:05,1.22547E+18,Iâ€™m proud to extend my partnership with Lucian Grainge and the Universal Music family by signing with Universal Musâ€¦ https://t.co/6ZceGv6IQO,Taylor Swift
1/31/2020 13:06,1.22323E+18,#MissAmericana is on @NetflixFilm! Iâ€™m excited for you to see it. I want to thank Lana Wilson for her curiosity &amp; fâ€¦ https://t.co/MpwilaD3tv,Taylor Swift
1/30/2020 2:53,1.22271E+18,For a limited time #MissAmericana will be playing in select theaters - tickets available at https://t.co/I4b7yZZZssâ€¦ https://t.co/TyDi60qc6z,Taylor Swift
1/27/2020 19:23,1.22188E+18,â˜ƒï¸â„ï¸Sundance was as snowy and fun as this photo shoot foreshadowedâ„ï¸â˜ƒï¸ Thank you so much @Variety @ChrisWillmanâ€¦ https://t.co/ixy8z9B5Ao,Taylor Swift
1/26/2020 21:29,1.22155E+18,My heart is in pieces hearing the news of this unimaginable tragedy. I canâ€™t fathom what the families are going thrâ€¦ https://t.co/uAW383RuHf,Taylor Swift
1/22/2020 15:38,1.22001E+18,Miss Americana - Official Trailer Â· Itâ€™s been a long time coming âœ¨ Out in select theaters and on @NetflixFilm Januaâ€¦ https://t.co/1bsW684eR9,Taylor Swift
1/15/2020 22:23,1.21757E+18,"Miss Americana ğŸ¬ January 31 on @NetflixFilm

https://t.co/Ot56y6jnCs https://t.co/hrnxN5IxuY",Taylor Swift
12/24/2019 17:04,1.20952E+18,Absolutely loved reliving the making of Lover - Diary of a Song with @joecoscarelli @nytimes ğŸ’˜â€¦ https://t.co/piUnI4m027,Taylor Swift
12/23/2019 14:07,1.20911E+18,The Making of #ChristmasTreeFarm â€¢ 24 hours and a lot of xmas spiritÂ ğŸ„ https://t.co/hY0VvyVp4Q,Taylor Swift
12/18/2019 15:46,1.20733E+18,Walked into the studio to a surprise birthday party from these two @jackantonoff &amp; Laura Sisk - itâ€™s equally wild aâ€¦ https://t.co/94XhV6sFKL,Taylor Swift
12/17/2019 4:14,1.20679E+18,"Claws out, kitties. ğŸˆ https://t.co/jnC1rjs2h8",Taylor Swift
12/16/2019 18:11,1.20664E+18,How To Be A Cat â€¢ Go see #CatsMovie in theaters December 20 (if youâ€™re feline up for it ğŸ˜») https://t.co/1T08VbFzKf,Taylor Swift
12/15/2019 17:11,1.20626E+18,"RT @GlastoFest: ""Sheâ€™s one of the biggest stars in the world and her songs are absolutely amazing. Weâ€™re so delighted.â€ 

Taylor Swift. Sunâ€¦",Taylor Swift
12/15/2019 16:59,1.20626E+18,Iâ€™m ecstatic to tell you that Iâ€™ll be headlining Glastonbury on its 50th anniversary - See you there! ğŸ’‹ https://t.co/2gJ40mEiDH,Taylor Swift
12/14/2019 17:09,1.2059E+18,"Honestly spending my 30th with the fans who have made my life what it is at jingle ball, then throwing the most aggâ€¦ https://t.co/2FSYEO8QIA",Taylor Swift
12/14/2019 16:48,1.20589E+18,Happy birthday but make it santa ğŸ… https://t.co/kozpqXMEyi,Taylor Swift
12/14/2019 16:10,1.20588E+18,Fur real guys this was my cake ğŸ‚ https://t.co/txakhqkaMv,Taylor Swift
12/13/2019 14:21,1.20549E+18,RT @jamesblake: Oh and @taylorswift13 made a great speech about the gender imbalance in the industry and everybody should see it,Taylor Swift
12/13/2019 5:08,1.20535E+18,WHOâ€™S GONNA TELL HER SHEâ€™S THIRTAY NOW ğŸ§ https://t.co/PChgBjOxwB,Taylor Swift
12/11/2019 22:56,1.2049E+18,"When youâ€™re pretttttty sure that if you were a man, youâ€™d be the man ğŸ’…
ğŸ“·: Sami Drasin https://t.co/rjJesldpEQ",Taylor Swift
12/11/2019 21:58,1.20488E+18,"If it donâ€™t fits I still sits - small wooden box edition ğŸ’‹
ğŸ“·: Sami Drasin https://t.co/3w9TTzqmSS",Taylor Swift
12/11/2019 21:33,1.20488E+18,HEY THANKS @BILLBOARD ğŸ™ it was a whole entire party chatting with @jasonlipshutz and Sami Drasin killed it with theâ€¦ https://t.co/yNZXjgOE0x,Taylor Swift
12/10/2019 17:44,1.20446E+18,"âœ¨âœ¨âœ¨âœ¨âœ¨âœ¨âœ¨âœ¨âœ¨âœ¨âœ¨âœ¨âœ¨ @people ğŸ“¸ Miller Mobley

https://t.co/Byai8sFql1 https://t.co/hP8EEP9Jbf",Taylor Swift
12/10/2019 14:36,1.20441E+18,"Throwback to my first day on the set of @catsmovie. Basically, Bombalurina is one of those really mischievous catsâ€¦ https://t.co/X9lCb8P2fO",Taylor Swift
12/9/2019 14:45,1.20405E+18,I ended up spending many days on set watching the other performers do their scenes. Watching the character Victoriaâ€¦ https://t.co/w9sD75kGGv,Taylor Swift
12/9/2019 14:45,1.20405E+18,I woke up today to the news that Beautiful Ghosts is nominated for a Golden Globe - itâ€™s so cool that one of the moâ€¦ https://t.co/nraAmFIvED,Taylor Swift
12/6/2019 20:01,1.20304E+18,Here we are on said Xmas tree farm. And I just want to say that my parents are the real 90â€™s fashion icons. I haveâ€¦ https://t.co/3coi91QC2N,Taylor Swift
12/6/2019 18:27,1.20302E+18,Time to get Spoti-festive! ğŸŒ²ğŸ„â™¥ï¸ https://t.co/wzh258CMY2,Taylor Swift
12/6/2019 18:21,1.20302E+18,"Yes. Indeed. Every time you add this song, somewhere a cat wearing a Santa hat smiles. ğŸ…ğŸ˜¸ğŸ„ https://t.co/qjZKKJaIGH",Taylor Swift
12/6/2019 18:18,1.20302E+18,All I want 4 Christmas is to be that voice you hear faintly in the distance in the mall engulfed in jingly jingle bâ€¦ https://t.co/ACPT7ikuEB,Taylor Swift
12/6/2019 18:13,1.20301E+18,"Itâ€™s rumored that if you say â€œAlexa, play the new Taylor Swift on @amazonmusicâ€ out loud, it will make Santa like yâ€¦ https://t.co/RzMSsPf2iB",Taylor Swift
12/6/2019 5:08,1.20282E+18,"I actually did grow up on a Christmas tree farm. In a gingerbread house, deep within the yummy gummy gumdrop forestâ€¦ https://t.co/4KBLIMSh84",Taylor Swift
12/5/2019 13:18,1.20258E+18,"When in doubt, ask the itty bitty pretty kitty committee. When they shun you with silence, ambivalence, and judgmenâ€¦ https://t.co/CbQaEFqpUJ",Taylor Swift
12/4/2019 17:58,1.20229E+18,Sock Appreciation Post ğŸ§¦ https://t.co/xCAxNKKHei,Taylor Swift
12/4/2019 15:19,1.20225E+18,"Thank you @people, @chiumelo, @danwakeford, and ğŸ“¸ Miller Mobley ğŸ˜ƒ https://t.co/Byai8sFql1 https://t.co/jObmAHcuuS",Taylor Swift
12/1/2019 17:24,1.20119E+18,This is the one face I made that day https://t.co/fHtArFIxXZ,Taylor Swift
12/1/2019 17:18,1.20119E+18,Bored girl at the holiday party. https://t.co/RUgz1CmaiJ,Taylor Swift
12/1/2019 17:05,1.20119E+18,HEY @britishvogue! Itâ€™s always a dreamscape of creativity &amp; hilarity working with @Edward_Enninful but putting himâ€¦ https://t.co/vUcx8kxI7t,Taylor Swift
11/26/2019 5:22,1.1992E+18,"So excited to release the new version of Lover, the First Dance Remix - based on the arrangement of the AMAs perforâ€¦ https://t.co/6gRQxX39g9",Taylor Swift
11/25/2019 7:52,1.19887E+18,I was up there because of you and I know that every minute of every day â¤ï¸ photo by ğŸ“¸ Kevin Winter https://t.co/k9RW2qWdMo,Taylor Swift
11/25/2019 7:27,1.19887E+18,Hi guys have I told you lately that I LOVE YOU https://t.co/Up8XXD1XvJ,Taylor Swift
11/23/2019 3:28,1.19808E+18,@paginaskinner @reidoburrito95 @TeenVogue This just made me SO emotional. @reidoburrito95 I canâ€™t tell you how honoâ€¦ https://t.co/2Sby7dSBbn,Taylor Swift
11/22/2019 23:10,1.19802E+18,The lyric video for the Lover remix is here and sheâ€™s wintery cute check her out ğŸŒ¨â„ï¸â˜ƒï¸ @ShawnMendesâ€¦ https://t.co/vhQisSqLGh,Taylor Swift
11/14/2019 23:35,1.19512E+18,Donâ€™t know what else to do https://t.co/1uBrXwviTS,Taylor Swift
11/14/2019 13:17,1.19497E+18,â€œBeautiful Ghostsâ€ out tomorrow at 12:01 a.m. EST ğŸ˜º @catsmovie https://t.co/nZ5ncd3yki,Taylor Swift
11/13/2019 12:13,1.19459E+18,Well guys it finally happened: WE DID A COLLABORASHAWN. Sending out a whole entire THANKS BUDDY to @ShawnMendes rnâ€¦ https://t.co/tRS9LSYhZS,Taylor Swift
11/12/2019 16:07,1.19429E+18,According to my jet lag it is one hundred o clock celsius. https://t.co/F4rNMwFkNl,Taylor Swift
11/11/2019 14:01,1.19389E+18,Dressing room is lit https://t.co/dYCmiCWNLe,Taylor Swift
11/10/2019 17:47,1.19359E+18,"If it donâ€™t fits, I still sits. https://t.co/7HwaEGWrT5",Taylor Swift
11/9/2019 3:35,1.19301E+18,ğŸ¬ğŸ’•pretty city ğŸ­ğŸŒ¸ https://t.co/mBIBfrbFMm,Taylor Swift
11/8/2019 5:17,1.19267E+18,RT @taylornation13: The Taylor Swift Eras Collection is available NOW until Monday at Noon EST! ğŸ’— Shop here: https://t.co/EojDc5P99d https:â€¦,Taylor Swift
11/7/2019 13:04,1.19243E+18,Earring said SMILE but I stay smirking. ğŸ˜ https://t.co/g0R19uKl1t,Taylor Swift
11/7/2019 3:12,1.19228E+18,Ya could I get these to go? @ntv_sukkiri https://t.co/tNCS9pJTCp,Taylor Swift
11/7/2019 2:01,1.19226E+18,CONGRATULATIONS!!!! ğŸ’—ğŸ’—ğŸ’—ğŸ’—ğŸ’—ğŸ’—ğŸ’—ğŸ’—ğŸ’—ğŸ’—ğŸ’—ğŸ’—ğŸ’— https://t.co/laPfuMRkaH,Taylor Swift
11/7/2019 0:21,1.19224E+18,"ğŸ’— Tokyo is for Lovers ğŸ’—

ğŸ“·: Kayoko Yamamoto https://t.co/VVDqh1uAI5",Taylor Swift
11/6/2019 22:04,1.1922E+18,S/O to all the moms whose adult daughters ask them to take a pic in a hotel hallway bc theyâ€™re feeling their outfitâ€¦ https://t.co/pPdqnFMaOG,Taylor Swift
11/6/2019 6:12,1.19196E+18,Have arrived in the land of cat cafes and eternal cuteness TOKYO HI ğŸ’•ğŸŒ¸ğŸ­ğŸ¬ğŸ† Iâ€™m off to stare into pastel aquariums anâ€¦ https://t.co/nLZh4XS5Cq,Taylor Swift
11/6/2019 0:38,1.19188E+18,You heard it here first ğŸ‘½ ğŸ˜‡ ğŸ¶ Watch us on @NBCTheVoice at 8/7c tonight! @kellyclarkson https://t.co/s1P8ywYsXB,Taylor Swift
11/4/2019 23:51,1.1915E+18,"RT @KellyClarksonTV: ğŸ¶ Is it too soon to do this yet? ğŸ¶ To celebrate #TaylorOnTheVoice, giving you an early look at tomorrow's @TaylorSwiftâ€¦",Taylor Swift
11/4/2019 22:36,1.19148E+18,Playing with filters and yelling with the Legend himself. Tune in to @NBCTheVoice tonight at 8/7c! @johnlegend https://t.co/OG5AZ8XCjr,Taylor Swift
11/1/2019 0:49,1.19007E+18,ğŸ’˜ğŸ’˜ğŸ’˜ğŸ’˜ğŸ’˜ğŸ’˜ğŸ’˜ğŸ’˜ğŸ’˜ğŸ’˜ğŸ’˜ğŸ’˜ğŸ’˜ https://t.co/niz0c7cJPS,Taylor Swift
11/1/2019 0:45,1.19007E+18,ğŸƒğŸƒğŸƒğŸƒğŸƒğŸƒğŸƒğŸƒğŸƒğŸƒğŸƒğŸƒğŸƒ https://t.co/6uEwLV6Q1t,Taylor Swift
11/1/2019 0:44,1.19007E+18,ğŸ‘ğŸ‘ğŸ‘ğŸ‘ğŸ‘ğŸ‘ğŸ‘ğŸ‘ğŸ‘ğŸ‘ğŸ‘ğŸ‘ğŸ‘ https://t.co/YiN24V0Js6,Taylor Swift
11/1/2019 0:43,1.19007E+18,ğŸ’—ğŸ’—ğŸ’—ğŸ’—ğŸ’—ğŸ’—ğŸ’—ğŸ’—ğŸ’—ğŸ’—ğŸ’—ğŸ’—ğŸ’— https://t.co/eATA5z9DVG,Taylor Swift
10/30/2019 18:36,1.18961E+18,"We talked emo bands, favorite lyricists (hey @petewentz &amp; @LanaDelRey), zingers, and soooo much more. Full intervieâ€¦ https://t.co/Ptb0wK4XSr",Taylor Swift
10/29/2019 22:35,1.18931E+18,Catch us on @NBCTheVoice tonight at 8/7c! @gwenstefani ğŸ’— https://t.co/Njhql62zDf,Taylor Swift
10/29/2019 18:47,1.18925E+18,"Hug your cat today. Or donâ€™t, if your cat hates hugs. But anyway. Happy #NationalCatDay from me, Olivia, Meredith,â€¦ https://t.co/cQK24nbqvT",Taylor Swift
10/28/2019 21:39,1.18893E+18,I was promised Lively ğŸ¤·ğŸ¼â€â™€ï¸ But Shelton is cool too. SO excited to be on @NBCTheVoice with @blakeshelton tonight atâ€¦ https://t.co/AOaqLDD8qS,Taylor Swift
10/25/2019 19:30,1.18781E+18,"Talked with @zanelowe aboutÂ @catsmovieÂ + my original song for the film ""Beautiful Ghosts"" ğŸŒŸ Watch the clip now - buâ€¦ https://t.co/9x7ZFz0G6p",Taylor Swift
10/25/2019 0:26,1.18753E+18,I was so excited when @OfficialALW asked me to write an original song with him for @catsmovie. â€œBeautiful Ghostsâ€ iâ€¦ https://t.co/tOI9U6GTGm,Taylor Swift
10/24/2019 23:02,1.1875E+18,@GiphyPop Because it is. ğŸ’â€â™€ï¸ https://t.co/mMjEra8o8y,Taylor Swift
10/24/2019 19:40,1.18745E+18,"Because of you, there was a 2nd 3rd 4th 5th 6th and 7th album. You guys made me into a headliner because you wantedâ€¦ https://t.co/g4T8VqpVcq",Taylor Swift
10/24/2019 19:40,1.18745E+18,"I said in an interview 13 years ago ""I'm just hoping that I have a second album that does as well as the first &amp; soâ€¦ https://t.co/hlJ5STYxLK",Taylor Swift
10/23/2019 21:39,1.18712E+18,Be sure to watch next week! ğŸ’—ğŸ˜ºğŸ’— https://t.co/pMrjKbisN9,Taylor Swift
10/11/2019 16:26,1.18269E+18,"Tiny desk, BIG mood. Thank you @NPR for that awesome experience, I canâ€™t wait to relive it when #tinydesk comes outâ€¦ https://t.co/ZhSg2YvaFo",Taylor Swift
10/8/2019 21:54,1.18169E+18,ğŸ¤—ğŸ’—ğŸ‘ https://t.co/yU5eZ2GeVl,Taylor Swift
10/8/2019 20:47,1.18167E+18,"ğŸ’›ğŸ’šğŸ’œğŸ’—ğŸ’œğŸ’šğŸ’›

ğŸ“·: Mary Ellen Matthews https://t.co/AoH0UEPM0k",Taylor Swift
10/7/2019 16:34,1.18125E+18,"Had the best time playing Lover on @nbcsnl exactly the way I wrote it, on piano in a quiet moment. A huge thank youâ€¦ https://t.co/ghqLvYEdY4",Taylor Swift
10/4/2019 15:56,1.18015E+18,"RT @taylornation13: The #Lover 2-Disc Color Vinyl Set is available for pre-order now ğŸ’˜ 

Pre-order here: https://t.co/8A28vNRUXo https://t.â€¦",Taylor Swift
9/21/2019 13:49,1.17541E+18,"Threw out our cloaks and our daggers because itâ€™s morning now.. ğŸ’œ 

ğŸ“·: Erik Madigan Heck https://t.co/woz8zpzjtw",Taylor Swift
9/18/2019 18:25,1.17439E+18,"Itâ€™s blue, the feeling I got ğŸ’™

ğŸ“·: Erik Madigan Heck https://t.co/vlHis2SMIU",Taylor Swift
9/18/2019 14:38,1.17433E+18,"Itâ€™s golden, like daylight ğŸ’›

ğŸ“·: Erik Madigan Heck https://t.co/TKjINyd9KZ",Taylor Swift
9/18/2019 12:30,1.1743E+18,"I hadnâ€™t done a @RollingStone cover in 5 years, and hadnâ€™t seen @hiattb since I got in 2 car crashes while drivingâ€¦ https://t.co/IL00kMPP33",Taylor Swift
9/17/2019 14:29,1.17397E+18,"The Lover album is open fields, sunsets, + SUMMER. I want to perform it in a way that feels authentic. I want to goâ€¦ https://t.co/0fv1f8L6hV",Taylor Swift
9/16/2019 16:08,1.17363E+18,ğŸ’˜ğŸ’˜ğŸ’˜ğŸ’˜ğŸ’˜ğŸ’˜ğŸ’˜ğŸ’˜ğŸ’˜ğŸ’˜ğŸ’˜ğŸ’˜ğŸ’˜ https://t.co/TCPqUFxk1J,Taylor Swift
9/9/2019 22:28,1.17119E+18,"Got to play some new songs from Lover acoustic tonight, this was such an awesome way to celebrate this album finallâ€¦ https://t.co/Iuqk5ySB0I",Taylor Swift
9/9/2019 22:21,1.17119E+18,Tonight in Paris!!! Thank you to everyone who flew from all over the world to be at the City of Lover Concert! ğŸ’—ğŸ’—ğŸ’—â€¦ https://t.co/Y9oLZ70GFx,Taylor Swift
9/2/2019 17:55,1.16858E+18,ğŸ™ğŸ˜­ğŸ’—ğŸ˜˜ğŸ’•ğŸ‰ğŸ˜† https://t.co/4GqZ8w7oJK,Taylor Swift
9/1/2019 18:06,1.16822E+18,MY HEART EXPLODED INTO CONFETTI HEARTS THANK YOU ğŸ™ ğŸ’•ğŸ’•ğŸ’•ğŸ˜­ https://t.co/N7fUelR7cU,Taylor Swift
8/31/2019 16:03,1.16783E+18,ğŸ’—ğŸ’—ğŸ’—ğŸ’—ğŸ’—ğŸ’—ğŸ’—ğŸ’—ğŸ’—ğŸ’—ğŸ’—ğŸ’—ğŸ’— https://t.co/uDkjW8uOzI,Taylor Swift
8/30/2019 16:15,1.16747E+18,Listen to â€œLoverâ€ on the @AppleMusic #AListPop playlist ğŸ’• https://t.co/raS8IuBy9P https://t.co/TvrBJrFKIH,Taylor Swift
8/29/2019 20:59,1.16718E+18,"Been sleeping so long in a twenty year dark night, but now I see daylight. ğŸŒ¸ https://t.co/8Hpvt5AoEE",Taylor Swift
8/29/2019 20:53,1.16718E+18,Itâ€™s nice to have a friend ğŸ¥° https://t.co/QBPkP1fXnY,Taylor Swift
8/29/2019 20:49,1.16718E+18,I could never look away âœ¨ https://t.co/IZD2EVmOL2,Taylor Swift
8/29/2019 20:41,1.16718E+18,Meet me in the afterglow ğŸ’˜ https://t.co/cdxp07JAH4,Taylor Swift
8/29/2019 20:38,1.16717E+18,"I counted days, I counted miles...to see you there. ğŸ’— https://t.co/20FPwtfa3T",Taylor Swift
8/29/2019 20:33,1.16717E+18,And Iâ€™ll never let you GO cause I know this is a FIGHT that someday weâ€™re gonna WIN ğŸ’— https://t.co/iODaImf5iy,Taylor Swift
8/29/2019 16:55,1.16712E+18,Like a Tennessee Stella McCartney ğŸ’˜ The full #StellaxTaylorSwift line is available until midnight eastern tonight!â€¦ https://t.co/w4f4o41xtY,Taylor Swift
8/29/2019 4:20,1.16693E+18,"RT @taylornation13: The full #StellaxTaylorSwift line is BACK for 24 hours! Donâ€™t miss out ğŸ’ 
Shop here: https://t.co/tUrS5DOWPr https://t.â€¦",Taylor Swift
8/28/2019 20:52,1.16682E+18,I can still see it all in my mind ğŸ’— https://t.co/9rMzqSzkEi,Taylor Swift
8/28/2019 20:44,1.16681E+18,I look through the windows of this love ğŸ’• https://t.co/0YHKbnwAnt,Taylor Swift
8/28/2019 20:34,1.16681E+18,This love is worth the fight â¤ï¸ https://t.co/TTJ6N1Ilkw,Taylor Swift
8/28/2019 20:24,1.16681E+18,"We were a fresh page on the desk, filling in the blanks as we go ğŸ’— https://t.co/9wGs81eyV4",Taylor Swift
8/28/2019 20:17,1.16681E+18,Itâ€™s been a long time coming but... ğŸ’˜ https://t.co/n1WHYajSz3,Taylor Swift
8/28/2019 20:09,1.1668E+18,Things will never be the same ğŸ’— https://t.co/UlMMLw2b5y,Taylor Swift
8/28/2019 17:40,1.16677E+18,"Thank you!!! Itâ€™s the nicest feeling when someone sees your intention, so glad you like the journals ğŸ’˜ https://t.co/eMiYRvqlgz",Taylor Swift
8/28/2019 16:41,1.16675E+18,â€œTaylor Swiftâ€™s diary entries are a must-read companion to Loverâ€ was a thing The New York Times said so hereâ€™s wheâ€¦ https://t.co/aPNPwpsn7b,Taylor Swift
8/27/2019 22:59,1.16649E+18,Thank you ğŸ’•ğŸ’•ğŸ’•ğŸ’•ğŸ’•ğŸ’•ğŸ’•ğŸ’•ğŸ’•ğŸ’•ğŸ’•ğŸ’•ğŸ’• https://t.co/5GbaKdjyzT,Taylor Swift
8/27/2019 22:40,1.16648E+18,Thank you ğŸ’˜ğŸ’˜ğŸ’˜ğŸ’˜ğŸ’˜ğŸ’˜ğŸ’˜ğŸ’˜ğŸ’˜ğŸ’˜ğŸ’˜ğŸ’˜ğŸ’˜ https://t.co/4uwNJohsUE,Taylor Swift
8/27/2019 22:37,1.16648E+18,Thank you ğŸ’—ğŸ’—ğŸ’—ğŸ’—ğŸ’—ğŸ’—ğŸ’—ğŸ’—ğŸ’—ğŸ’—ğŸ’—ğŸ’—ğŸ’— https://t.co/2KEv4XhadQ,Taylor Swift
8/27/2019 22:08,1.16647E+18,RT @Deezer: A celebration of love ğŸ’• ğŸ¦‹ @taylorswift13's new album #Lover is finally out ğŸ˜ Stream it here â–¶ï¸ https://t.co/PGxVkOI8QB https://â€¦,Taylor Swift
8/27/2019 21:26,1.16646E+18,"Thereâ€™s a dazzling haze, a mysterious way about you dear...
ğŸ“·: @ShearerPhoto @GettyVIP https://t.co/Xl63m45BJp",Taylor Swift
8/27/2019 20:58,1.16645E+18,"Itâ€™s you and me, thereâ€™s nothing like this ğŸ’˜ https://t.co/JKS1O4rnzY",Taylor Swift
8/27/2019 20:50,1.16645E+18,"I once believed love would be burning red, but itâ€™s golden ğŸ’› https://t.co/09hzwQAVeu",Taylor Swift
8/27/2019 20:44,1.16645E+18,Threw out our cloaks and our daggers because itâ€™s morning now. ğŸ’— https://t.co/u1LqbgCKKd,Taylor Swift
8/27/2019 20:38,1.16645E+18,They say the road gets hard and you get lost when youâ€™re led by blind faith..But we might just get away with it ğŸ’— https://t.co/W3aKhXThA7,Taylor Swift
8/27/2019 20:33,1.16645E+18,"We bless the rains on Cornelia Street, memorize the creaks in the floor ğŸ’— https://t.co/s3Uze1fJtb",Taylor Swift
8/27/2019 20:16,1.16644E+18,"Thank you to the fans who voted, our excellent cast, @todrick , @drewkirsch and everyone who worked so hard on theâ€¦ https://t.co/z3YiccMLOz",Taylor Swift
8/26/2019 20:28,1.16608E+18,"Iâ€™ll tell you the truth, but never goodbye ğŸ’— https://t.co/xpgFpLHKtv",Taylor Swift
8/26/2019 20:16,1.16608E+18,"And I hope I never lose you, hope it never ends ğŸ’— https://t.co/7BhkCdssqB",Taylor Swift
8/26/2019 20:06,1.16608E+18,"Lost my gloves, you give me one. Wanna hang out? Yeah, sounds like fun ğŸŒ¸ https://t.co/byJsAuDcHT",Taylor Swift
8/26/2019 19:59,1.16608E+18,This ultraviolet morning light below tells me this love is worth the fight ğŸ’— https://t.co/fo8M7j5h6e,Taylor Swift
8/26/2019 19:50,1.16608E+18,Just wanna lift you up and not let you go ğŸ’˜ https://t.co/A3UPmodaU1,Taylor Swift
8/26/2019 19:43,1.16607E+18,"Barefoot in the kitchen, sacred new beginnings that became my religion. Listen. ğŸ’˜ https://t.co/AojqFASa3A",Taylor Swift
8/26/2019 17:31,1.16604E+18,"Ever since I saw Fleabag, Iâ€™ve been all â€˜I canâ€™t wait to see this woman host @nbcsnlâ€™ and itâ€™s happening now + I geâ€¦ https://t.co/HGahWMk8an",Taylor Swift
8/25/2019 21:03,1.16573E+18,"I think we *all* know how I feel about sequins âœ¨ @StellaMcCartney

New pieces are being added to the online store eâ€¦ https://t.co/g7qDiFSFzH",Taylor Swift
8/25/2019 19:47,1.16571E+18,I get mystified by how this city screams your name.ğŸ’˜ https://t.co/l2d5C1vLMX,Taylor Swift
8/25/2019 19:38,1.16571E+18,Iâ€™m crazier for you than I was at sixteen. ğŸ’— https://t.co/VAGsMMUmcW,Taylor Swift
8/25/2019 19:33,1.16571E+18,"I want to drive away with you, I want your complications too ğŸ’— https://t.co/dnL2iBHZhW",Taylor Swift
8/25/2019 19:25,1.16571E+18,Iâ€™m with you even if it makes me blue ğŸ’™ https://t.co/RuLE1qOlWt,Taylor Swift
8/25/2019 19:15,1.1657E+18,"Honey without all the exes fights and flaws, we wouldnâ€™t be standing here so tall. ğŸ’˜ https://t.co/S75cgE07A0",Taylor Swift
8/25/2019 19:06,1.1657E+18,You know I adore you ğŸ’— https://t.co/YWgZM20Dco,Taylor Swift
8/25/2019 17:59,1.16569E+18,RT @pandoramusic: An album full of love ğŸ’˜ Listen to @taylorswift13â€™s #Lover now: https://t.co/KZfzPDrQ9s âœ¨ #TaylorSwift https://t.co/xsM1o8â€¦,Taylor Swift
8/24/2019 22:58,1.1654E+18,Stopped by the NYC pop up shop to celebrate Lover with the people who have made this week so insanely fun. Shout ouâ€¦ https://t.co/ByprElAl4d,Taylor Swift
8/24/2019 20:47,1.16536E+18,"I scream â€œFor whatever itâ€™s worth, I LOVE YOU AINT THAT THE WORST THING YOU EVER HEARD?â€ ğŸ’— https://t.co/EWUGqWsTsM",Taylor Swift
8/24/2019 20:34,1.16536E+18,"Shiny toy with a price, you know that I bought it ğŸ¥³ğŸ’—ğŸ˜‚ https://t.co/4QRHUx7Ob0",Taylor Swift
8/24/2019 20:26,1.16536E+18,"We could follow the sparks, Iâ€™ll drive ğŸ’— https://t.co/4JMwl9Ae0K",Taylor Swift
8/24/2019 20:20,1.16536E+18,Good ones never wait ğŸ’— https://t.co/cnAiFk687j,Taylor Swift
8/24/2019 20:15,1.16536E+18,Who could stay? You could stay. ğŸ’— https://t.co/vkeCfulS8Q,Taylor Swift
8/24/2019 20:09,1.16536E+18,"This is our place, we make the rules. ğŸ’— https://t.co/qz2DjfJwXe",Taylor Swift
8/24/2019 20:05,1.16535E+18,"Fever dream high in the quiet of the night, you know that I caught it... ğŸ’— https://t.co/sOqXgcz6v5",Taylor Swift
8/24/2019 19:18,1.16534E+18,I think the fishbowl scene is my favorite metaphor in the Lover video. And guys.. Iâ€™ve performed on stage with Chriâ€¦ https://t.co/2j8MGaopoW,Taylor Swift
8/24/2019 2:09,1.16508E+18,"Had to go see the mural in person and it turns out sheâ€™s GLORIOUS. Thank you @spotify, itâ€™s been an honor revealingâ€¦ https://t.co/jjsxCC0NDT",Taylor Swift
8/23/2019 21:35,1.16501E+18,@halsey CONFIRMED.Â Â ğŸ¤,Taylor Swift
8/23/2019 20:18,1.165E+18,WHAT IS LIFE EVEN https://t.co/ir7XDx4eSl,Taylor Swift
8/23/2019 19:50,1.16499E+18,"And I snuck in through the garden gate, every night that summer just to seal my fate // Stream Lover onâ€¦ https://t.co/o6kuRVAuPR",Taylor Swift
8/23/2019 13:41,1.1649E+18,Listen to â€œThe Manâ€ on @AppleMusicâ€™s #NewMusicDaily playlist âœ¨ https://t.co/LORdO60cDw https://t.co/Nao53qS2jK,Taylor Swift
8/23/2019 4:05,1.16475E+18,"This album is very much a celebration of love, in all its complexity, coziness, and chaos. Itâ€™s the first album ofâ€¦ https://t.co/573pF95ce1",Taylor Swift
8/23/2019 3:31,1.16474E+18,#Lover out in 30 minutes! https://t.co/uxzMjfmhfG,Taylor Swift
8/22/2019 23:20,1.16468E+18,"RT @iHeartRadio: Starting at midnight, listen to a brand new @taylorswift13 song every hour on select iHeartRadio stations! Tomorrow, tuneâ€¦",Taylor Swift
8/22/2019 21:49,1.16466E+18,"And so it goes, you two are dancing in a snow globe round and round... The Lover music video is out now!â€¦ https://t.co/qmOTwrwgMk",Taylor Swift
8/22/2019 15:45,1.16456E+18,A fun thing is happening! Learn how to remix You Need to Calm Down in select Apple Stores at the #todayatapple Musiâ€¦ https://t.co/87NJ27QxMF,Taylor Swift
8/21/2019 21:09,1.16428E+18,"RT @GMA: RT if youâ€™re as excited as we are for #TaylorSwiftOnGMA TOMORROW! ğŸ¦‹ğŸ’˜ 

@TaylorSwift13
https://t.co/TTaJsnyitK https://t.co/eJZ52Goâ€¦",Taylor Swift
8/21/2019 0:22,1.16397E+18,"3 days until Lover!!! â¤ï¸â¤ï¸â¤ï¸ 

Pre-add it on @AppleMusic 
https://t.co/Xsi1jZGa3O",Taylor Swift
8/20/2019 19:47,1.1639E+18,#StellaxTaylorSwift ğŸ’˜ Itâ€™s been SO fun to dream up cute stuff with @StellaMcCartney to create a line inspired by myâ€¦ https://t.co/GLCPhrOTzS,Taylor Swift
8/20/2019 13:30,1.16381E+18,Sharing some never-before-heard lyrics from the new album every day + some of my favorite love songs on the Lover Eâ€¦ https://t.co/jMKihRKnwQ,Taylor Swift
8/19/2019 16:53,1.16349E+18,"- @amazonmusic: what color lips would you like for this commercial?

- Me: yes https://t.co/U636ofm97w",Taylor Swift
8/18/2019 16:00,1.16312E+18,Okay NOW there are five holes in the fence ğŸ˜¬ğŸ˜ºğŸ’‹ https://t.co/I5093bDJaF,Taylor Swift
8/17/2019 18:08,1.16279E+18,Grinning at this tweet!! And always in awe of your music ğŸ’—ğŸ’—ğŸ’—ğŸ’—ğŸ’—ğŸ’—ğŸ’—ğŸ’—ğŸ’—ğŸ’—ğŸ’—ğŸ’—ğŸ’— https://t.co/0w8uOHSOYm,Taylor Swift
8/17/2019 18:07,1.16279E+18,ARE YOU KIDDING ME THIS IS THE NICEST THING ANYONE HAS EVER SAID - youâ€™re just the best and so kind to say this ğŸ˜­ğŸ’•ğŸ™ğŸ˜» https://t.co/y3z1JzSejX,Taylor Swift
8/16/2019 19:34,1.16245E+18,"LoverğŸ’• Friday, August 23. 

Pre-add, pre-save, pre-order: https://t.co/AdsErGvGS1 https://t.co/PbxN49rYEh",Taylor Swift
8/16/2019 18:38,1.16243E+18,Thereâ€™s a dazzling haze... https://t.co/elbgJ1r948,Taylor Swift
8/16/2019 4:30,1.16222E+18,"Have I known you 20 seconds or 20 years?

https://t.co/4grpRXSh7G https://t.co/EBoZXIbORm",Taylor Swift
8/15/2019 18:14,1.16206E+18,New song â€œLoverâ€ is out tonight at midnight eastern! ğŸ’˜ The music video will premiere after a very exciting @YouTubeâ€¦ https://t.co/LAps9LSx1s,Taylor Swift
8/13/2019 15:07,1.16129E+18,ğŸ’—ğŸ’—ğŸ’—ğŸ’—ğŸ’—ğŸ’—ğŸ’—ğŸ’—ğŸ’—ğŸ’— https://t.co/dMxVzYGxgG,Taylor Swift
8/12/2019 3:04,1.16075E+18,"The thirteens really jumped out. ğŸ’—@alexmorgan13 

 ğŸ“¸ @KevinMazur https://t.co/lmBydAQRyp",Taylor Swift
8/11/2019 21:28,1.16066E+18,Threw a party to celebrate with the people who made the ME! &amp; YNTCD videos with me- and we had so much fun that â€˜Drâ€¦ https://t.co/64H4T3DVIm,Taylor Swift
8/11/2019 0:07,1.16034E+18,ğŸŒ´ğŸŒ´ğŸŒ´ğŸŒ´ğŸŒ´ğŸŒ´ğŸŒ´ğŸŒ´ğŸŒ´ğŸŒ´ğŸŒ´ğŸŒ´ğŸŒ´ https://t.co/atH7d2Xk94,Taylor Swift
8/9/2019 2:52,1.15966E+18,Canâ€™t stop wonâ€™t stop twinning with Paddington. ğŸ» https://t.co/ES9ufw8ZD8,Taylor Swift
8/8/2019 23:10,1.1596E+18,Iâ€™d be a fearless leader. Iâ€™d be an alpha type. https://t.co/bzIchKUtJB,Taylor Swift
8/8/2019 18:05,1.15953E+18,ğŸ’˜ https://t.co/levuCpqV94,Taylor Swift
8/8/2019 15:07,1.15948E+18,Wanted to thank @abby_aguirre for writing such a thoughtful piece and for diving into my pastel cryptic world of hiâ€¦ https://t.co/zp0AfGAMLQ,Taylor Swift
8/8/2019 14:08,1.15947E+18,"My heartâ€™s been borrowed and yours has been blue. Allâ€™s well that ends well, to end up with you. ğŸ’™ https://t.co/CECesxb8do",Taylor Swift
8/8/2019 13:11,1.15945E+18,"WELL SO THIS IS A THING THATâ€™S HAPPENING. September issue of @voguemagazine and Iâ€™m so so so grateful to Anna, Tonnâ€¦ https://t.co/5pQ0UD7dmz",Taylor Swift
8/7/2019 22:27,1.15923E+18,ğŸ’• https://t.co/XVgtNCXWmT,Taylor Swift
8/5/2019 19:21,1.15846E+18,ğŸ’• https://t.co/OubigHdps6,Taylor Swift
8/3/2019 8:02,1.15756E+18,ğŸ’• https://t.co/zQ4DUaRCD7,Taylor Swift
7/25/2019 21:10,1.1545E+18,What if Iâ€™m alright right here? https://t.co/nHWcaSVPAM,Taylor Swift
7/24/2019 17:07,1.15408E+18,RT @taylornation13: 10 @vmas nominations! Vote for @taylorswift13 10 times a day per category at https://t.co/2crRvoRwdU ğŸ’ #VMAs https://t.â€¦,Taylor Swift
7/23/2019 21:57,1.15379E+18,"So excited to show you the deluxe versions of Lover! 

You can get it at @Target in the US or on my website! Cheersâ€¦ https://t.co/x6KYVyqX8s",Taylor Swift
7/23/2019 21:25,1.15378E+18,"Iâ€™ve been the archer
Iâ€™ve been the prey
Who could ever leave me darling...
But who could stay?â€¦ https://t.co/V7pbsuIukL",Taylor Swift
7/22/2019 15:10,1.15332E+18,"Iâ€™m going live on Instagram tomorrow, July 23 at 5pm ET! I have some stuff Iâ€™m reeeeeally excited to tell you aboutâ€¦ https://t.co/l8ydwFM8cG",Taylor Swift
7/18/2019 21:16,1.15196E+18,I am a cat now and somehow that was everything #CatsMovie https://t.co/80gZHpvzMW,Taylor Swift
7/18/2019 16:12,1.15189E+18,"Behind the scenes with my ğŸ’•YNTCD Taylor Park neighbors ğŸ’•
@adaripp @harto @dex_rated @todrick

ğŸ¥:â€¦ https://t.co/Il1MXPpu6m",Taylor Swift
7/17/2019 16:25,1.15153E+18,"Hereâ€™s a first look inside #CatsMovie. Trailer FRIDAY! ğŸ˜º
https://t.co/VTa6qO1g9h https://t.co/1NHqKrKcMJ",Taylor Swift
7/16/2019 19:38,1.15121E+18,RT @taylornation13: Two NEW Lover album bundles are available on @amazon for #PrimeDay â¤ï¸ Available until July 16 at 11:59pm PDT! @amazonmuâ€¦,Taylor Swift
7/16/2019 18:56,1.1512E+18,"âœ¨ğŸ±âœ¨ Friday
@catsmovie https://t.co/h1SJfmA5ol",Taylor Swift
7/13/2019 16:25,1.15008E+18,Cat lady thirst trap https://t.co/hZ7e9bCaa7,Taylor Swift
7/10/2019 15:58,1.14898E+18,"Tune in to @PrimeVideo tonight 9pm ET! @amazonmusic #PrimeDay
https://t.co/Eg8DkJFj6n https://t.co/TcYEk0S10P",Taylor Swift
6/30/2019 21:01,1.14544E+18,RT @halsey: ğŸ¦‹ @taylorswift13 https://t.co/1iI2tCr8my,Taylor Swift
6/29/2019 22:59,1.1451E+18,RT @KamalaHarris: The USWNT scored more goals in their first World Cup match against Thailand than the U.S. menâ€™s team scored in the 2010 aâ€¦,Taylor Swift
6/28/2019 15:41,1.14463E+18,âœŒï¸Friday calmnessâœŒï¸ https://t.co/jEq4ZLjtME,Taylor Swift
6/27/2019 5:21,1.14411E+18,"RT @amazonmusic: Mark your calendars for the #PrimeDay Concert featuring @taylorswift13, with @DUALIPA, @iambeckyg, &amp; @sza on July 10th onlâ€¦",Taylor Swift
6/26/2019 15:37,1.14391E+18,Go behind the scenes of the ğŸ’—YNTCD Taylor ParkğŸ’— with the amazing @HayleyKiyoko @Lavernecox @katyperry @antoniâ€¦ https://t.co/cUcIO8D72S,Taylor Swift
6/18/2019 17:50,1.14104E+18,Some of us had champagne on set and it shows ğŸ¥‚ https://t.co/Kxq7AcY8TL,Taylor Swift
6/17/2019 22:20,1.14075E+18,When you have a song about being calm and the video has a Cher quote in it and she posts it so henceforth you are nâ€¦ https://t.co/SxnoULRDEz,Taylor Swift
6/17/2019 15:22,1.14064E+18,"Just like my life, this video was co-executive produced by @todrick ğŸ˜¸ https://t.co/AObdtkYl0w",Taylor Swift
6/17/2019 13:24,1.14061E+18,Stan/Follow/Support! @rileyknoxx @RuPaul @VancityReynolds @tanfrance @TATIANNANOW @todrick @trinitykbonet @TrinityTheTuck #YNTCDmusicvideo,Taylor Swift
6/17/2019 13:24,1.14061E+18,Stan/Follow/Support @A_doubleC_D @adamlambert @Adaripp @AdoreDelano @antoni @theebillyporter @bobbyberkâ€¦ https://t.co/Z7tprkgOIU,Taylor Swift
6/17/2019 12:50,1.1406E+18,A happy meal ğŸ” ğŸŸ ğŸ’— https://t.co/hPAbOZEsKF,Taylor Swift
6/17/2019 12:38,1.1406E+18,Stan/Follow/Support! @A_doubleC_D @adamlambert @Adaripp @AdoreDelano @antoni @theebillyporter @bobbyberkâ€¦ https://t.co/aSQvrEQQKc,Taylor Swift
6/17/2019 12:18,1.14059E+18,"The #YNTCDmusicvideo is out! First, I want to say that my co-stars in this video are AMAZING. Please celebrate by sâ€¦ https://t.co/DhBirAMJcQ",Taylor Swift
6/17/2019 11:16,1.14058E+18,"The #YNTCDmusicvideo premieres in 1 hour ğŸ’ 

Premiere watch page: https://t.co/gqUZ9FnKU1 

@YouTube @youtubemusic https://t.co/Ek972t3hkE",Taylor Swift
6/17/2019 1:03,1.14042E+18,"RT @TheEllenShow: My friend @TaylorSwift13 asked me to be in her new music video, â€œYou Need To Calm Down.â€ It premieres tomorrow! Now I neeâ€¦",Taylor Swift
6/16/2019 15:01,1.14027E+18,Asked a few friends to be in the You Need To Calm Down video ğŸ˜„ Out tomorrow at 8:15am ET https://t.co/QFp2Ni4Lb0,Taylor Swift
6/15/2019 22:38,1.14003E+18,Tea time! Monday morning! ğŸ’• https://t.co/YLt8UD9dNC,Taylor Swift
6/15/2019 16:56,1.13994E+18,We all got crowns ğŸ‘‘ ğŸ’• https://t.co/vI2rXQQMTl,Taylor Swift
6/15/2019 4:21,1.13975E+18,Can you just not step on our gowns? ğŸ’ƒ https://t.co/A8QPkZicqS,Taylor Swift
6/14/2019 17:58,1.13959E+18,RT @Target: We promise that you'll never find another like this! #PreorderLover @taylorswift13's new album - 4 exclusive deluxe versions. Oâ€¦,Taylor Swift
6/14/2019 17:27,1.13959E+18,"Alexa, play Today in Music ğŸ’—
@amazonmusic https://t.co/XNpxSYrPpG",Taylor Swift
6/14/2019 15:58,1.13956E+18,A delicious new video comes out Monday morning...ğŸ’—ğŸ‚ğŸ’— https://t.co/fnZMz6P5dg,Taylor Swift
6/14/2019 4:10,1.13938E+18,"Gxgjxkhdkdkydkhdkhfjvjfj 

https://t.co/XjL0jBb4i0 https://t.co/8J6Bc89NQx",Taylor Swift
6/14/2019 2:55,1.13937E+18,There were five posts in the fence. https://t.co/dHgwKbd1Q5,Taylor Swift
6/13/2019 21:25,1.13928E+18,"Lover, album out August 23. Cover shot by the artistic genius that is @valheria123 ğŸ’— Pre-add, pre-save, pre-order (â€¦ https://t.co/IkQcNAUriu",Taylor Swift
6/12/2019 19:46,1.1389E+18,Going live tomorrow on Instagram at 5pm ET ğŸ˜ https://t.co/l4tnhj84tG,Taylor Swift
6/3/2019 17:56,1.13561E+18,"RT @TheEllenShow: .@TaylorSwift13, you make me so proud. #PrideMonth https://t.co/nbVZoKOzub",Taylor Swift
6/3/2019 17:55,1.13561E+18,"RT @PetermanAudrey: Today I wrote to my senator, Ted Cruz, for the first time. Thanks to the awe inspiring words of Taylor Swift and the exâ€¦",Taylor Swift
6/3/2019 17:51,1.1356E+18,RT @heartsandhalo: â€œThe most common way people give up their power is by thinking they donâ€™t have any.â€ ğŸŒˆ #lettertomysenator https://t.co/Jâ€¦,Taylor Swift
6/3/2019 17:49,1.1356E+18,"RT @HayleyGeronimo: Itâ€™s way past my bedtime, but I was so moved by Taylorâ€™s letter to her senator that I had to pick up my own pen too!!ğŸ–ŠğŸ“ƒâ€¦",Taylor Swift
6/3/2019 17:38,1.1356E+18,"ğŸ“·: @ashleyophoto, @jeffkravitz // Getty Entertainment https://t.co/mijbu6cV5E",Taylor Swift
6/2/2019 16:12,1.13522E+18,"ğŸŒˆLike a rainbow with all of the colorsğŸŒˆ 

Thank you to everyone who came to Wango Tango! That was FUN ğŸ¥³ Ps a huge tâ€¦ https://t.co/7Ly0rdY1La",Taylor Swift
6/1/2019 4:08,1.13467E+18,"#lettertomysenator 
https://t.co/EKYMXZw5U9 https://t.co/Ym0mGeOHgc",Taylor Swift
5/31/2019 18:18,1.13452E+18,I love seeing what youâ€™re listening to on your own playlists that youâ€™ve created on @AppleMusic. Keep sharing themâ€¦ https://t.co/YI03QWNwCN,Taylor Swift
5/30/2019 3:21,1.13394E+18,ğŸ˜» https://t.co/Lyr0vtXO69,Taylor Swift
5/26/2019 12:32,1.13263E+18,ğŸ§¡ au revoir ğŸ§¡ https://t.co/D1OhFPHPFU,Taylor Swift
5/24/2019 12:29,1.1319E+18,@heidiklum @TaylorSwift I love you too! Thank you for having me!,Taylor Swift
5/24/2019 12:21,1.1319E+18,"Thank you @TheGNShow for having me and the band!! It airs tonight. Feeling lucky that I got to be on with @sophiet,â€¦ https://t.co/jAWMHhYq3V",Taylor Swift
5/24/2019 5:58,1.1318E+18,I made a #PlaylistbyME! of songs Iâ€™m loving right now- check it out and make your own on @applemusicâ€¦ https://t.co/A5eG5hQOrt,Taylor Swift
5/22/2019 21:17,1.13131E+18,Had the best time performing with @brendonurie on @nbcthevoice finale - thank you to the fans there for being so weâ€¦ https://t.co/fYU8lEPL7u,Taylor Swift
5/11/2019 14:42,1.12722E+18,Oh my God this is SO CUTE I LOVE IT. Thanks for putting all that effort into this you guys. Also Cassey I actuallyâ€¦ https://t.co/SFZoVTPy7R,Taylor Swift
5/9/2019 20:04,1.12658E+18,I know I never think before I jump... https://t.co/LXqqrGdpmX,Taylor Swift
5/9/2019 16:51,1.12653E+18,RT @EW: .@TaylorSwift13 divulges the secrets to her album Easter eggs https://t.co/e39zwRIMSi,Taylor Swift
5/9/2019 16:43,1.12653E+18,"Thank you for such a wonderful experience @EW - I loved getting to talk with @AlexJSuskind (yep I said it, I did anâ€¦ https://t.co/ybjgGGQ1uj",Taylor Swift
5/3/2019 16:45,1.12435E+18,"RT @amazonmusic: .@taylorswift13's ME! continues to CRUSH records on Amazon Music! 
Most first day streams âœ”ï¸
Most first day on-demand voicâ€¦",Taylor Swift
5/2/2019 3:16,1.12379E+18,THIS WAS THE MAXIMUM AMOUNT OF FUN POSSIBLE. And for the first time ever Iâ€™m releasing the live rehearsal audio froâ€¦ https://t.co/4660aeiwkL,Taylor Swift
5/2/2019 2:56,1.12378E+18,RT @BuzzFeed: Taylor Swift And Brendon Urie's Billboard Music Awards Performance Is The Most Fun Thing I've Ever Seen https://t.co/TIIiUYPhâ€¦,Taylor Swift
5/2/2019 0:40,1.12375E+18,RT @taylornation13: Never before heard LIVE Rehearsal ME! Audio on CD + Vinyl are available only on the merch store until tomorrow!!! âœ¨ğŸŒˆğŸ’•Â Â â€¦,Taylor Swift
5/1/2019 22:16,1.12371E+18,Iâ€™m trying to give them a normal upbringing but when the little ones and I ran into the flawless @PaulaAbdul on theâ€¦ https://t.co/LS12svxiTT,Taylor Swift
5/1/2019 21:05,1.12369E+18,Omg spelling is fun but especially in this lyric video cause we also have GLITTER: https://t.co/PT2IwYqNTH https://t.co/g1XJOaVVmI,Taylor Swift
5/1/2019 19:36,1.12367E+18,"Ah, French... the language of love. A new video is out on @youtube going behind the scenes of THAT scene:â€¦ https://t.co/pQVZCwJJQ8",Taylor Swift
5/1/2019 5:28,1.12346E+18,"Before I take the stage at the #BBMAs, Iâ€™m catching up with @zanelowe on @applemusic's @beats1official. Listen Wednâ€¦ https://t.co/fKmy9rMqll",Taylor Swift
5/1/2019 2:58,1.12342E+18,Brendon and I shot our @Spotify vertical video at rehearsals in Vegas to give you a sneak peak of our @BBMAs perforâ€¦ https://t.co/QNLNsLVou5,Taylor Swift
5/1/2019 1:54,1.12341E+18,"You. Are. The. Best. ğŸ˜»Â  #taylurking #fromMEtoYOU 
https://t.co/oc7funLCvT https://t.co/RZG7KFg1OT",Taylor Swift
5/1/2019 1:41,1.1234E+18,"LOVE ğŸ’—ğŸ’—ğŸ’—ğŸ’—ğŸ’— #taylurking #fromMEtoYOU 
https://t.co/oc7funLCvT https://t.co/aU1iFTh2gJ",Taylor Swift
5/1/2019 1:17,1.1234E+18,"YOU ARE MAKING MY DAY! #taylurking #fromMEtoYOU 
https://t.co/T91mVWiVXN https://t.co/mvkhaab2Hb",Taylor Swift
5/1/2019 1:00,1.12339E+18,"I LOVE YOU GUYS ğŸ’— #taylurking #fromMEtoYOU
https://t.co/oc7funLCvT https://t.co/ko2GAY71Jn",Taylor Swift
5/1/2019 0:14,1.12338E+18,"RT @taylornation13: WE all want ME! 

1. Gift the song to ONE friend on iTunes
2. Post a selfie here holding up your gift receipt using #frâ€¦",Taylor Swift
5/1/2019 0:09,1.12338E+18,Tonight we lurk on twitter. ğŸ‘€,Taylor Swift
4/30/2019 21:16,1.12334E+18,"RT @taylornation13: Which one is your favorite?? These are available until May 2 ğŸŒº 

Shop at https://t.co/ZSGtuHSAkb https://t.co/3hL2qGDLeG",Taylor Swift
4/30/2019 17:22,1.12328E+18,The first time I met Benji. ğŸ˜»Check out the behind the scenes video on @YouTube. https://t.co/VRHIGzJ5A0,Taylor Swift
4/28/2019 23:58,1.12265E+18,"RT @AppleMusic: IT'S ALL HAPPENING. @taylorswift13's ME! featuring @brendonurie of @PanicAtTheDisco is here. 
Listen now: https://t.co/GBIjâ€¦",Taylor Swift
4/28/2019 23:15,1.12264E+18,"This is AWESOME ğŸŒ¸ @youtubemusic @YouTube 
https://t.co/YYKCilSb9n https://t.co/Hhvn1AAtyg",Taylor Swift
4/28/2019 23:10,1.12264E+18,"SO. COOL. ğŸ˜»@amazonmusic #alexaplay ME! 
https://t.co/0B1VOPvbmV https://t.co/pv0ubUQp5T",Taylor Swift
4/28/2019 23:06,1.12264E+18,"Thank you @Spotify ğŸ’—
https://t.co/HOqy9VPDv5 https://t.co/pmgDh8dy1s",Taylor Swift
4/28/2019 21:04,1.12261E+18,"Because of you guys, this video broke the @vevo record and WE ARE NOT CALM. https://t.co/4tXuFRtTyb",Taylor Swift
4/28/2019 1:26,1.12231E+18,This is INCREDIBLE!! https://t.co/TH9bXLeqgD,Taylor Swift
4/28/2019 1:07,1.12231E+18,"GUYS!! YOU DID THIS!!!! CANNOT STOP SMILING ğŸ’—ğŸ’—ğŸ’—ğŸ’—ğŸ’—
And Iâ€™m not trying to be loud but 65.2 million views... ?? and 6+â€¦ https://t.co/h9UKVakIC4",Taylor Swift
4/27/2019 18:15,1.1222E+18,ğŸ’•ğŸ’— A huge thank you to the incredible dancers for making the video so magical and for keeping the secret for so lonâ€¦ https://t.co/wWsu4Gsvlf,Taylor Swift
4/27/2019 1:56,1.12196E+18,RT @selenagomez: So proud @taylorswift13 https://t.co/vDIMtEBiki,Taylor Swift
4/27/2019 1:55,1.12196E+18,"RT @blakelively: When I die, please bury me here...    â¤ï¸ğŸ§¡ğŸ’›ğŸ’šğŸ’™ğŸ’œğŸ’–ğŸ’œğŸ’™ğŸ’šğŸ’›ğŸ§¡â¤ï¸
https://t.co/G5Bkntttwa",Taylor Swift
4/27/2019 1:55,1.12196E+18,"RT @Camila_Cabello: I am HERE for this new era, and I am HERE for TS7 and I am HERE for this song and video and Meredith, Olivia, and Benjaâ€¦",Taylor Swift
4/27/2019 0:59,1.12194E+18,RT @taylornation13: The vertical loop of â€œME!â€ on @Spotify was just updated ğŸ’ Check back today and throughout the week to find some more ğŸ˜‰â€¦,Taylor Swift
4/27/2019 0:32,1.12194E+18,"Think about the place where you first met ME! #MEmusicvideo 
https://t.co/wImFeZ6kO2 https://t.co/uhiQzzQV4i",Taylor Swift
4/26/2019 23:16,1.12192E+18,"So... the new album title is actually revealed somewhere in the video AND so is the title of the second single, butâ€¦ https://t.co/OU4C7YjdsZ",Taylor Swift
4/26/2019 22:27,1.1219E+18,This is Benjamin Button. Heâ€™s a good boy. https://t.co/Ou40WXL8hH https://t.co/6aM19kYq5K,Taylor Swift
4/26/2019 19:32,1.12186E+18,This is how he prefers to travel. https://t.co/poYAH52vPl,Taylor Swift
4/26/2019 18:28,1.12184E+18,RT @pandoramusic: The wait is over! @taylorswift13â€™s brand new single â€œME!â€ featuring @brendonurie has arrived. Listen now: https://t.co/ljâ€¦,Taylor Swift
4/26/2019 18:26,1.12184E+18,"RT @amazonmusic: â€œME!"" FOR YOU. NEW @taylorswift13 music DROPS NOW, featuring @brendonurie of @PanicAtTheDisco! #AskAlexa â€œPlay the new Tayâ€¦",Taylor Swift
4/26/2019 18:26,1.12184E+18,"RT @AppleMusic: We â¤ï¸you @taylorswift13.
Listen to ME! featuring @brendonurie of @PanicAtTheDisco: https://t.co/GBIjqlBb41 https://t.co/tW2â€¦",Taylor Swift
4/26/2019 18:26,1.12184E+18,"RT @Spotify: It's all about ME! 
@TaylorSwift13â€™s new track feat. @brendonurie of Panic! At The Disco is streaming now. 
https://t.co/PwWmLâ€¦",Taylor Swift
4/26/2019 18:25,1.12184E+18,RT @youtubemusic: .@taylorswift13 has returned. Play ME! (feat. @brendonurie of @PanicAtTheDisco) now on YouTube Music â†’ https://t.co/yY6Gkâ€¦,Taylor Swift
4/26/2019 14:30,1.12178E+18,And then there were threeâ€¦ https://t.co/v8DyjdL1ec,Taylor Swift
4/26/2019 14:25,1.12178E+18,"RT @KeithUrban: .@taylorswift13.... HELL YESSSSS!
You rise up- you do it ALL THE TIME!  CONGRATS!!!!!!!!! - KU",Taylor Swift
4/26/2019 5:13,1.12164E+18,@dixiechicks Chicks stans never unstan.,Taylor Swift
4/26/2019 5:10,1.12164E+18,RT @zainubamir: @taylorswift13 I just wanna say real quick thank you!! this song is exactly what I needed and honestly makes me feel so hapâ€¦,Taylor Swift
4/26/2019 5:07,1.12164E+18,RT @DaniMaguina: OUR REACTION GJSBFKWJSIQ WE CANT KEEP OUR CHILL EVER @kaileeheller @taylorswift13 #TaylorSwiftTonight https://t.co/QX6WbcHâ€¦,Taylor Swift
4/26/2019 4:57,1.12164E+18,"RT @ginaswift13: Hey kids! Spelling is fun! 
@taylorswift13 @taylornation13 #MeOutNow #TaylorSwiftTONIGHT #taylorswift https://t.co/GqA9dqUâ€¦",Taylor Swift
4/26/2019 4:54,1.12164E+18,RT @brendonurie: Wait. This really happened?! Like for real?!?! Well I canâ€™t begin to describe how incredible it has been to work on this sâ€¦,Taylor Swift
4/26/2019 4:12,1.12163E+18,ME! Out now! Made this song with @brendonurie and @iamjoellittle. Dave Meyers and I co-directed the video. And everâ€¦ https://t.co/b0RaOOq8oF,Taylor Swift
4/26/2019 4:04,1.12163E+18,RT @taylornation13: PREMIERING NOW: https://t.co/9PauiR3z0k,Taylor Swift
4/26/2019 2:47,1.12161E+18,"On @YouTube answering questions. Send help. 

https://t.co/vljvOeYo6R https://t.co/jleC5nRXca",Taylor Swift
4/26/2019 1:25,1.12159E+18,WELL GUYS it's almost midnight and my new song â€œME!â€ featuring @brendonurie of @panicatthedisco will be out. In othâ€¦ https://t.co/yM8AQy6PA9,Taylor Swift
4/25/2019 22:47,1.12155E+18,ğŸ¦‹ https://t.co/stM1H4tNzm,Taylor Swift
4/25/2019 21:36,1.12153E+18,ME! by the one and only @valheria123 ğŸ’—ğŸ’—ğŸ’—ğŸ’—ğŸ’—ğŸ’—ğŸ’—ğŸ’—ğŸ’—ğŸ’—ğŸ’—ğŸ’—ğŸ’— https://t.co/66k86qu8kr,Taylor Swift
4/25/2019 18:44,1.12149E+18,So... @kelsmontagueart helped me pull off the best surprise clue reveal today in Nashville! Thank you to everyone wâ€¦ https://t.co/Ul64xFCxkb,Taylor Swift
4/24/2019 14:07,1.12105E+18,4.26 https://t.co/bFOWK3O3G1,Taylor Swift
4/23/2019 22:15,1.12081E+18,Itâ€™s TIME. #time100 https://t.co/sC9zu13CVm,Taylor Swift
4/22/2019 13:30,1.12032E+18,4.26 https://t.co/TiHQCGqUlE,Taylor Swift
4/21/2019 14:56,1.11998E+18,4.26 https://t.co/7eYGsVjQg0,Taylor Swift
4/20/2019 16:44,1.11964E+18,4.26 https://t.co/mQejq2QXbZ,Taylor Swift
4/19/2019 16:10,1.11927E+18,4.26 https://t.co/yYSZFZZLvF,Taylor Swift
4/18/2019 19:37,1.11896E+18,4.26 https://t.co/DNVKNGXDPG,Taylor Swift
4/17/2019 16:37,1.11855E+18,Well this is AWESOME. Thank you @TIME ğŸ’— Thank you Pari Dukovic and thank you for your unbelievably kind wordsâ€¦ https://t.co/dvxq08qGkj,Taylor Swift
4/16/2019 19:54,1.11824E+18,4.26 https://t.co/IJaSFQoeVC,Taylor Swift
4/16/2019 2:05,1.11797E+18,4.26 https://t.co/L1DEOSo2LC,Taylor Swift
4/15/2019 12:31,1.11777E+18,4.26 https://t.co/Q3el3sRDDf,Taylor Swift
4/14/2019 18:32,1.1175E+18,4.26 https://t.co/IhwxXJyfvD,Taylor Swift
4/13/2019 15:44,1.11709E+18,4.26 https://t.co/E5cecDmo5f,Taylor Swift
2/28/2019 18:48,1.10119E+18,@halsey @ELLEmagazine Grinning and blushing over here. Thank you so much for reading it!! ğŸ’—,Taylor Swift
12/31/2018 8:05,1.07965E+18,Out now. https://t.co/UZGcmTqhtV https://t.co/DqqZwwFfZZ,Taylor Swift
12/29/2018 17:53,1.07907E+18,"â€œAll Too Wellâ€ was never a single, and it always blows my mind that it is consistently one of the loudest songs theâ€¦ https://t.co/jv9Bfq3Vi6",Taylor Swift
12/18/2018 18:39,1.0751E+18,"Netflix marketing team: So for the poster, we were thinking-

Me: CAN YOU MAKE ME LOOK LIKE A ZOMBIE HUNTER https://t.co/JxBCEdMCd4",Taylor Swift
12/13/2018 13:19,1.07321E+18,Thanks so much for all the birthday wishes! Today I finally get to show you something weâ€™ve been working on for a wâ€¦ https://t.co/swEPwmXQIC,Taylor Swift
6/24/2018 23:47,1.01103E+18,"Angels ğŸ˜‡ 
@RobbieWilliams
https://t.co/A6rx5WA0ie",Taylor Swift
5/25/2018 0:10,9.99805E+17,Amazing @JamesBayMusic! ğŸ‘ğŸ‘ğŸ‘ğŸ‘ğŸ‘ğŸ‘ğŸ‘ğŸ‘ğŸ‘ğŸ‘ğŸ‘ğŸ‘ğŸ‘ https://t.co/9RDrCEbKBc,Taylor Swift
5/22/2018 20:21,9.99022E+17,Thanks @vmagazine â¤ï¸ See you tonight Seattle!! https://t.co/VB78rGXO7C,Taylor Swift
5/12/2018 23:31,9.95446E+17,RT @Variety: Taylor Swift Dazzles on Opening Night of 'Reputation' Tour @taylorswfit13 https://t.co/lGp9dgDYSr,Taylor Swift
5/12/2018 23:28,9.95446E+17,RT @RollingStone: Taylor Swift kicked off her 'Reputation' tour last night in Arizona. Rob Sheffield on why this trek is her finest yet httâ€¦,Taylor Swift
5/12/2018 23:23,9.95444E+17,RT @mercnews: Review: Taylor Swift delivers near-perfect pop show in Bay Area https://t.co/aOoOAMGCGV https://t.co/EQa5YuTRO9,Taylor Swift
5/11/2018 22:45,9.95072E+17,RT @charli_xcx: ğŸ’•CHARLIğŸ’•CAMILAğŸ’•TAYLORğŸ’• SEE U 2NIGHT SANTA CLARA !!!!!! https://t.co/dCaEIaFmRR,Taylor Swift
5/5/2018 18:51,9.92839E+17,"RT @Camila_Cabello: ALSO ""10 SONGS FROM PAST ALBUMS"" MY HEAD IS SPINNING?!! WILL A HEY STEPHEN, OR CHANGE BE THROWN IN? ENCHANTED?! LONG LIâ€¦",Taylor Swift
5/5/2018 18:51,9.92839E+17,RT @Camila_Cabello: THEREâ€™S FOUR DAYS TILL THE REPUTATION TOUR HOLD MY WIG,Taylor Swift
4/11/2018 0:01,9.83858E+17,It's National Siblings Day! Check out Austin's movie ğŸ˜ https://t.co/Zqx5hLj6of,Taylor Swift
3/30/2018 5:07,9.79586E+17,Vertical video for #Delicate out now. Only on @Spotify âœ¨ https://t.co/ZHvrH7k1PN https://t.co/nhcfIv97gR,Taylor Swift
3/29/2018 13:02,9.79343E+17,New video for #Delicate at midnight EST tonight. Only on @spotifyÂ Â âœ¨ https://t.co/AHEY6LOSTz,Taylor Swift
3/12/2018 1:40,9.73011E+17,I know that itâ€™s delicate... https://t.co/0H5EpgcFtd,Taylor Swift
3/11/2018 23:34,9.72979E+17,DELICATE VIDEO WORLD PREMIERE ON @iHeartRadio MUSIC AWARDS ON @TBSNetwork!!! âœ¨ğŸ’ƒâœ¨ https://t.co/hhILI7bwn9,Taylor Swift
3/5/2018 13:16,9.70649E+17,âœ¨âœ¨âœ¨âœ¨âœ¨âœ¨âœ¨âœ¨âœ¨âœ¨âœ¨âœ¨âœ¨ https://t.co/KHNRCaKfU0,Taylor Swift
3/1/2018 22:44,9.69343E+17,I have a very exciting update to share... @Camila_Cabello and @charli_xcx will be the opening acts on theâ€¦ https://t.co/cN3Wfgbvb3,Taylor Swift
2/5/2018 22:24,9.6064E+17,"Songs Iâ€™m loving right now ğŸ¶
https://t.co/K62TYfJht6",Taylor Swift
1/12/2018 5:02,9.51681E+17,#EndGameMusicVideo out now. @edsheeran @1future https://t.co/z6EiFsLniY,Taylor Swift
1/11/2018 13:10,9.51441E+17,"Tonight at midnight eastern. #EndGameMusicVideo
@1future @edsheeran https://t.co/XHRS02IXfY",Taylor Swift
12/24/2017 0:07,9.44721E+17,RT @taylornation13: #TheSwiftLife is now available for Android! Get it on Google Play now: https://t.co/qguJHJ3qPL https://t.co/93evBchcNl,Taylor Swift
12/16/2017 22:03,9.42153E+17,RT @AppStore: .@taylorswift13's first app has arrivedâ€”and itâ€™s only on the App Store. (Early reviews are in: Meredith and Olivia give it twâ€¦,Taylor Swift
12/13/2017 20:18,9.4104E+17,North American dates on sale now! https://t.co/o8bU3G9HMl https://t.co/4ZV2mczOPt,Taylor Swift
12/11/2017 21:36,9.40335E+17,RT @RIAA: Congratulations @taylorswift13. #reputation is 3X Platinum + RIAAâ€™s top certified 2017 album to date! @BigMachine https://t.co/D1â€¦,Taylor Swift
12/11/2017 21:36,9.40335E+17,RT @RIAA: Thereâ€™s more! Look What You Made Me Do is 3X Platinum + ... Ready For It? is Platinum @taylorswift13! @BigMachine https://t.co/Stâ€¦,Taylor Swift
12/11/2017 21:36,9.40335E+17,RT @RIAA: #Fearless joins the RIAA 10X Diamond club! @taylorswift13! @BigMachine https://t.co/DSnfIt2Nmc,Taylor Swift
12/7/2017 17:56,9.3883E+17,"RT @taylornation13: ğŸš—â¤ï¸ğŸš¨ The perfect road trip song! Watch @taylorswift13 find her â€œGetaway Carâ€ breakthrough on #TaylorSwiftNOW, only fromâ€¦",Taylor Swift
12/7/2017 2:09,9.38591E+17,"""...Ready For It?"" (@BloodPop Â® Remix) out now - https://t.co/BhnUlUqUD7 https://t.co/rsKdAQzd2q",Taylor Swift
12/4/2017 17:44,9.37739E+17,"Thank you @Edward_Enninful, Mert Alas and Marcus Piggott for your passion, spirit and contagious laughter on set.â€¦ https://t.co/HTJMTNJlrt",Taylor Swift
12/2/2017 0:11,9.3675E+17,Absolutely stunning. https://t.co/6itJC1bk6W,Taylor Swift
11/30/2017 23:32,9.36377E+17,RT @taylornation13: https://t.co/WWpP1tpRmU,Taylor Swift
11/16/2017 20:24,9.31257E+17,This week has been unforgettable. I love you guys. Thanks a million ğŸ˜‰ https://t.co/qjspCA7NJ7,Taylor Swift
11/15/2017 4:02,9.30647E+17,The Making of #Delicate âœ¨ #reputation #TaylorSwiftNow https://t.co/tn78pMCoVV,Taylor Swift
11/14/2017 21:50,9.30554E+17,#reputaylurking #reputationÂ  â¤ï¸ https://t.co/CbTqn2F6Xs,Taylor Swift
11/14/2017 21:49,9.30553E+17,#reputaylurking #reputationÂ  â¤ï¸ https://t.co/JhZNUZ7MxK,Taylor Swift
11/14/2017 21:48,9.30553E+17,#reputaylurking #reputationÂ  â¤ï¸ https://t.co/f4135JnNhM,Taylor Swift
11/14/2017 21:45,9.30552E+17,#reputaylurking #reputationÂ  â¤ï¸ https://t.co/JtblVbBa5u,Taylor Swift
11/14/2017 21:43,9.30552E+17,#reputaylurking #reputationÂ  â¤ï¸ https://t.co/sAtTLVzfw3,Taylor Swift
11/14/2017 21:41,9.30551E+17,#reputaylurking #reputationÂ  â¤ï¸ https://t.co/pOEpn6Dk5p,Taylor Swift
11/14/2017 21:39,9.30551E+17,#reputaylurking #reputation â¤ï¸ https://t.co/2OV2DvvIyN,Taylor Swift
11/14/2017 20:44,9.30537E+17,RT @jimmyfallon: Taylor Swift performs 'New Year's Day' from her new album Reputation #FallonTonight https://t.co/20GPtmFWzf,Taylor Swift
11/13/2017 1:09,9.29879E+17,RT @etnow: Taylor Swift defends her 'reputation' as a great 'SNL' musical guest with 2 epic performances. https://t.co/BGvqX6H1Sn https://tâ€¦,Taylor Swift
11/13/2017 1:08,9.29879E+17,RT @people: Taylor Swift Takes SNL Stage with Snake-Shaped Mic In Hand â€” then Goes Acoustic https://t.co/cnH2ESn93x,Taylor Swift
11/13/2017 1:07,9.29878E+17,RT @Metro_Ents: Taylor Swift slays the first live performances of the Reputation era on #SNL https://t.co/gYKn3UjLBW,Taylor Swift
11/13/2017 1:02,9.29877E+17,RT @usweekly: Taylor Swift slays on 'SNL' and Tiffany Haddish makes history: see the best moments https://t.co/ZdWzK8e3Qj,Taylor Swift
11/13/2017 0:59,9.29876E+17,RT @InStyle: Watch Taylor Swift crush her performances from last night's SNL. https://t.co/7zSCBEerxB,Taylor Swift
11/12/2017 1:05,9.29515E+17,"THANK YOU SO MUCH!! AHHHH!!! PS, I ADORED your CMA performance ğŸ‘ğŸ‘ğŸ‘ https://t.co/RGEvOTYEhd",Taylor Swift
11/11/2017 21:40,9.29464E+17,"Tonight.

ğŸ“·: Mary Ellen Matthews https://t.co/mbQdDHz5Dn",Taylor Swift
11/11/2017 20:42,9.29449E+17,"My cousins in St. Louis sent this to me. I LOVE YOU @LauraKHettiger
https://t.co/OvC349nq8y",Taylor Swift
11/11/2017 20:19,9.29443E+17,#reputaylurking #reputation â¤ï¸ https://t.co/WPWiwPodY1,Taylor Swift
11/11/2017 20:17,9.29443E+17,#reputaylurking #reputation â¤ï¸ https://t.co/hEGz0GQFqc,Taylor Swift
11/11/2017 20:14,9.29442E+17,#reputaylurking #reputation â¤ï¸ https://t.co/PRkjzCmoAc,Taylor Swift
11/11/2017 20:13,9.29442E+17,#reputaylurking #reputation â¤ï¸ https://t.co/NPcA5WsgVL,Taylor Swift
11/11/2017 20:11,9.29442E+17,#reputaylurking #reputation â¤ï¸ https://t.co/hxD5n2KrxW,Taylor Swift
11/11/2017 19:39,9.29433E+17,#reputaylurking #reputation â¤ï¸ https://t.co/9n2rvbzXph,Taylor Swift
11/11/2017 19:37,9.29433E+17,#reputaylurking #reputation â¤ï¸ https://t.co/K3tUWVvmpd,Taylor Swift
11/11/2017 19:34,9.29432E+17,#reputaylurking #reputation â¤ï¸ https://t.co/18sg97Oshp,Taylor Swift
11/11/2017 19:31,9.29431E+17,#reputaylurking #reputation â¤ï¸ https://t.co/3p2sIX7WGU,Taylor Swift
11/11/2017 19:30,9.29431E+17,#reputaylurking #reputation â¤ï¸ https://t.co/z5HoBkxUQy,Taylor Swift
11/11/2017 19:07,9.29425E+17,#reputaylurking #reputation â¤ï¸ https://t.co/O8sznXy3vX,Taylor Swift
11/11/2017 19:03,9.29424E+17,#reputaylurking #reputation â¤ï¸ https://t.co/sygCHKoJvu,Taylor Swift
11/11/2017 19:01,9.29424E+17,#reputaylurking #reputation â¤ï¸ https://t.co/tDWpcN4MGx,Taylor Swift
11/11/2017 18:57,9.29423E+17,#reputaylurking #reputation â¤ï¸ https://t.co/eS6JDjsWuF,Taylor Swift
11/11/2017 18:55,9.29422E+17,#reputaylurking #reputation â¤ï¸ https://t.co/rOXGOsBDae,Taylor Swift
11/10/2017 6:13,9.28868E+17,"RT @latimes: Taylor Swift's talent remains intact on ""Reputation,"" her most focused, most cohesive album yet https://t.co/9OWWyhLppb https:â€¦",Taylor Swift
11/10/2017 5:23,9.28856E+17,RT @robsheff: good lord I love this album https://t.co/pUVZtUg4t5,Taylor Swift
11/10/2017 4:23,9.28841E+17,#reputation is out now. Let the games begin. https://t.co/oExj2XFGvH https://t.co/GzA6cTEwjf,Taylor Swift
11/10/2017 2:11,9.28807E+17,RT @taylornation13: Get an exclusive first listen of â€˜New Yearâ€™s Dayâ€™ at 9:29p ET tonight on @ABC and hang with us as we countdown to #repuâ€¦,Taylor Swift
11/9/2017 19:34,9.28707E+17,"Waiting for #reputation like...

https://t.co/oExj2XFGvH https://t.co/LCCRtKnQXz",Taylor Swift
11/9/2017 18:20,9.28689E+17,ABC tonight during Scandal #reputation #TGIT https://t.co/kOhx1vAXoV,Taylor Swift
11/9/2017 2:27,9.28449E+17,In NYC for SNL rehearsals. Iï¸ LOVE YOU @littlebigtown and CMAs. https://t.co/3QT7bX6yOe,Taylor Swift
11/9/2017 2:25,9.28448E+17,"RT @GMA: CMA Awards Song of the Year: ""Better Man"" - @taylorswift13 

@CountryMusic #cmaawards2017 #CMAawards https://t.co/QJlUQXHh64",Taylor Swift
11/9/2017 0:58,9.28426E+17,"Two days until #reputation. 
https://t.co/oExj2XFGvH https://t.co/z4bk0thC5c",Taylor Swift
11/8/2017 19:08,9.28338E+17,"Three new behind-the-scenes videos available now.

Only on @AppleMusic: https://t.co/nNtHaYzZrp https://t.co/a4E6cNaD3B",Taylor Swift
11/8/2017 16:17,9.28295E+17,RT @courtneyforce: Let the games begin! Running a @taylorswift13 FunnyCar w/ @AdvanceAuto &amp; @BigMachine at @NHRA Finals! Taylors #reputatioâ€¦,Taylor Swift
11/8/2017 15:04,9.28277E+17,Forgot to show the back of the Target magazines ğŸ˜‚ on Friday you can get your hands on this quality reading materialâ€¦ https://t.co/r626FRMtI2,Taylor Swift
11/8/2017 3:37,9.28104E+17,"3 days until #reputation. 

https://t.co/oExj2XFGvH https://t.co/sjr8hMqPxV",Taylor Swift
11/7/2017 19:57,9.27988E+17,"Two unique magazines. Poetry, paintings, lyrics &amp; polaroids.
Available Friday: https://t.co/fPhRA1wB6F https://t.co/frFIILyrqa",Taylor Swift
11/7/2017 13:43,9.27894E+17,Inside the reputation Secret Sessions - https://t.co/aotQtPBzer,Taylor Swift
11/3/2017 12:00,9.26419E+17,The #CallItWhatYouWant lyric video is out now! Watch it here: https://t.co/FKYJ3dADib,Taylor Swift
11/3/2017 4:26,9.26305E+17,"â€œCall It What You Wantâ€ available now. @applemusic
Pre-order #reputation: https://t.co/oExj2XFGvH https://t.co/EWxoTpSzIT",Taylor Swift
11/2/2017 12:29,9.26064E+17,Call It What You Want. Midnight Eastern. https://t.co/nTmlQUzmFN,Taylor Swift
11/1/2017 15:19,9.25744E+17,"RT @ATT: â° The Making of a Song premieres 11/13 on @DIRECTVNOW, only from AT&amp;T! https://t.co/emXplX8gjo #TaylorSwiftNOW https://t.co/VIXXYdâ€¦",Taylor Swift
10/27/2017 4:03,9.23762E+17,#ReadyForItMusicVideo https://t.co/HYBhBqNVo3,Taylor Swift
10/2/2017 14:44,9.14864E+17,There are no words to express the helplessness and sorrow my broken heart feels for the victims in Vegas and their families.,Taylor Swift
9/29/2017 14:36,9.13774E+17,https://t.co/EIXRjnE9Gw,Taylor Swift
9/22/2017 20:50,9.11332E+17,"RT @RollingStone: All 115 of Taylor Swift's songs, ranked https://t.co/mdD4f04rQ8 https://t.co/Bm317v6fib",Taylor Swift
9/22/2017 20:48,9.11331E+17,RT @TheEllenShow: #LookWhatYouMadeMeDo @TaylorSwift13 https://t.co/8rUDDtwbdH,Taylor Swift
9/22/2017 20:46,9.11331E+17,ğŸ˜ğŸ˜ğŸ˜Â https://t.co/oIAruxj8ZH,Taylor Swift
9/7/2017 15:11,9.05811E+17,Some real tough questions I had for Olivia. https://t.co/VeLIN3iYRY,Taylor Swift
9/7/2017 15:11,9.05811E+17,Such a taxing day when they're like 'eat some cookie dough' and you're like 'ok I'll make this sacrifice for my artâ€¦ https://t.co/oddvslRGXe,Taylor Swift
9/3/2017 12:05,9.04314E+17,A second glance into #reputation...ready for it? https://t.co/e495xJi3M8 https://t.co/HF35pISj2N,Taylor Swift
8/28/2017 2:42,9.01998E+17,The #LWYMMDvideo is out now - https://t.co/6ajIH45CnX,Taylor Swift
8/25/2017 11:57,9.01051E+17,"Official #LWYMMDvideo world premiere. 
Sunday 8/27 at the @vmas https://t.co/tjAxr8qdsY",Taylor Swift
8/25/2017 3:32,9.00924E+17,"New single #LookWhatYouMadeMeDo out now. Pre-order #reputation: https://t.co/oExj2XFGvH 

Merch &amp; ticket info atâ€¦ https://t.co/YFctYldpic",Taylor Swift
8/23/2017 16:49,9.00399E+17,https://t.co/xMBBukfZPs,Taylor Swift
8/23/2017 14:02,9.00358E+17,https://t.co/xqhhDZ0y7c,Taylor Swift
8/22/2017 15:02,9.0001E+17,https://t.co/12Rfi8bso4,Taylor Swift
8/21/2017 15:00,8.99648E+17,https://t.co/p2DyY0e2M3,Taylor Swift
